REGIAO:;UF:;ESTACAO:;CODIGO (WMO):;LATITUDE:;LONGITUDE:;ALTITUDE:;Arquivo
CO;MS;BATAGUASSU;A759;-21.75;-52.47138888;392.13;INMET_CO_MS_A759_BATAGUASSU_01-01-2023_A_31-12-2023.CSV
S;RS;Santa Vitoria do Palmar - Barra do Chui;A899;-33.74222221;-53.37222221;7.41;INMET_S_RS_A899_Santa Vitoria do Palmar - Barra do Chui_01-01-2023_A_31-12-2023.CSV
N;AM;S. G. DA CACHOEIRA;A134;-0.125207;-67.061246;79.67;INMET_N_AM_A134_S. G. DA CACHOEIRA_01-01-2023_A_31-12-2023.CSV
SE;SP;BERTIOGA;A765;-23.84472221;-46.14333333;5.0;INMET_SE_SP_A765_BERTIOGA_01-01-2023_A_31-12-2023.CSV
NE;PI;BAIXA GRANDE DO RIBEIRO;A375;-8.333531;-45.094625;519.0;INMET_NE_PI_A375_BAIXA GRANDE DO RIBEIRO_01-01-2023_A_31-12-2023.CSV
NE;PE;PALMARES;A357;-8.66666666;-35.56805554;164.01;INMET_NE_PE_A357_PALMARES_01-01-2023_A_31-12-2023.CSV
S;RS;CRUZ ALTA;A853;-28.60344;-53.673597;426.69;INMET_S_RS_A853_CRUZ ALTA_01-01-2023_A_31-12-2023.CSV
N;AM;HUMAITA;A112;-7.5525;-63.07138888;53.56;INMET_N_AM_A112_HUMAITA_01-01-2023_A_31-12-2023.CSV
SE;MG;VARGINHA;A515;-21.56638888;-45.40416666;949.78;INMET_SE_MG_A515_VARGINHA_01-01-2023_A_31-12-2023.CSV
SE;SP;BARRA DO TURVO;A746;-24.96277777;-48.41638888;659.89;INMET_SE_SP_A746_BARRA DO TURVO_01-01-2023_A_31-12-2023.CSV
SE;MG;UBERLANDIA;A507;-18.91694443;-48.25555555;874.77;INMET_SE_MG_A507_UBERLANDIA_01-01-2023_A_31-12-2023.CSV
S;PR;JOAQUIM TAVORA;A821;-23.50527777;-49.94638888;512.67;INMET_S_PR_A821_JOAQUIM TAVORA_01-01-2023_A_31-12-2023.CSV
SE;MG;SALINAS;A552;-16.16027777;-42.31027777;487.14;INMET_SE_MG_A552_SALINAS_01-01-2023_A_31-12-2023.CSV
SE;SP;CAMPOS DO JORDAO;A706;-22.75027777;-45.60388888;1662.95;INMET_SE_SP_A706_CAMPOS DO JORDAO_01-01-2023_A_31-12-2023.CSV
N;TO;DIANOPOLIS;A038;-11.59444444;-46.84722221;727.87;INMET_N_TO_A038_DIANOPOLIS_01-01-2023_A_31-12-2023.CSV
N;AM;PARINTINS;A123;-2.63916666;-56.75611111;18.72;INMET_N_AM_A123_PARINTINS_01-01-2023_A_31-12-2023.CSV
CO;MS;AMAMBAI;A750;-23.0025;-55.32944443;433.59;INMET_CO_MS_A750_AMAMBAI_01-01-2023_A_31-12-2023.CSV
N;TO;ALMAS;A053;-11.28416666;-47.21222222;503.0;INMET_N_TO_A053_ALMAS_01-01-2023_A_31-12-2023.CSV
NE;MA;FAROL de SANTANA;A217;-2.27083332;-43.62416666;9.87;INMET_NE_MA_A217_FAROL de SANTANA_01-01-2023_A_31-12-2023.CSV
SE;SP;PRESIDENTE PRUDENTE;A707;-22.11999999;-51.40861111;431.92;INMET_SE_SP_A707_PRESIDENTE PRUDENTE_01-01-2023_A_31-12-2023.CSV
CO;MT;TANGARA DA SERRA;A902;-14.65;-57.43166666;440.01;INMET_CO_MT_A902_TANGARA DA SERRA_01-01-2023_A_31-12-2023.CSV
NE;PI;PAULISTANA;A330;-8.132288;-41.142945;376.0;INMET_NE_PI_A330_PAULISTANA_01-01-2023_A_31-12-2023.CSV
N;AP;MACAPA;A249;0.03499999;-51.08888888;16.62;INMET_N_AP_A249_MACAPA_01-01-2023_A_31-12-2023.CSV
S;SC;RANCHO QUEIMADO;A870;-27.6786111;-49.04194444;881.0;INMET_S_SC_A870_RANCHO QUEIMADO_01-01-2023_A_31-12-2023.CSV
NE;PE;SERRA TALHADA;A350;-7.95416666;-38.29499999;499.02;INMET_NE_PE_A350_SERRA TALHADA_01-01-2023_A_31-12-2023.CSV
SE;MG;GUARDA-MOR;A546;-17.56138888;-47.19916666;997.01;INMET_SE_MG_A546_GUARDA-MOR_01-01-2023_A_31-12-2023.CSV
CO;MS;RIO BRILHANTE;A743;-21.77499999;-54.52805554;324.31;INMET_CO_MS_A743_RIO BRILHANTE_01-01-2023_A_31-12-2023.CSV
NE;CE;CAMPOS SALES;A347;-7.07777777;-40.36277777;577.95;INMET_NE_CE_A347_CAMPOS SALES_01-01-2023_A_31-12-2023.CSV
SE;SP;SAO LUIZ DO PARAITINGA;A740;-23.22833332;-45.41694443;862.3;INMET_SE_SP_A740_SAO LUIZ DO PARAITINGA_01-01-2023_A_31-12-2023.CSV
SE;MG;SACRAMENTO;A525;-19.87527777;-47.43416666;913.12;INMET_SE_MG_A525_SACRAMENTO_01-01-2023_A_31-12-2023.CSV
CO;GO;PORANGATU;A005;-13.30944444;-49.11749999;365.0;INMET_CO_GO_A005_PORANGATU_01-01-2023_A_31-12-2023.CSV
SE;RJ;SAQUAREMA - SAMPAIO CORREIA;A667;-22.8711111;-42.60888888;26.0;INMET_SE_RJ_A667_SAQUAREMA - SAMPAIO CORREIA_01-01-2023_A_31-12-2023.CSV
S;PR;CLEVELANDIA;A876;-26.41722221;-52.3486111;966.06;INMET_S_PR_A876_CLEVELANDIA_01-01-2023_A_31-12-2023.CSV
SE;RJ;CAMPOS DOS GOYTACAZES;A607;-21.71472222;-41.34388888;17.0;INMET_SE_RJ_A607_CAMPOS DOS GOYTACAZES_01-01-2023_A_31-12-2023.CSV
SE;MG;MONTE VERDE;A509;-22.86166666;-46.04333333;1544.89;INMET_SE_MG_A509_MONTE VERDE_01-01-2023_A_31-12-2023.CSV
N;TO;GURUPI;A019;-11.74499999;-49.05166666;274.0;INMET_N_TO_A019_GURUPI_01-01-2023_A_31-12-2023.CSV
S;RS;SAO BORJA;A830;-28.65;-56.01638888;81.08;INMET_S_RS_A830_SAO BORJA_01-01-2023_A_31-12-2023.CSV
S;SC;CHAPECO;A895;-27.0853111;-52.6357111;679.0;INMET_S_SC_A895_CHAPECO_01-01-2023_A_31-12-2023.CSV
SE;RJ;SANTA MARIA MADALENA;A630;-21.95055555;-42.01027777;517.0;INMET_SE_RJ_A630_SANTA MARIA MADALENA_01-01-2023_A_31-12-2023.CSV
SE;SP;BEBEDOURO;A764;-20.94805555;-48.47138888;542.0;INMET_SE_SP_A764_BEBEDOURO_01-01-2023_A_31-12-2023.CSV
NE;RN;MOSSORO;A318;-4.90416666;-37.36694443;29.44;INMET_NE_RN_A318_MOSSORO_01-01-2023_A_31-12-2023.CSV
NE;AL;CORURIPE;A355;-10.1286111;-36.28638888;82.39;INMET_NE_AL_A355_CORURIPE_01-01-2023_A_31-12-2023.CSV
S;PR;DOIS VIZINHOS;A843;-25.69916666;-53.09527777;545.95;INMET_S_PR_A843_DOIS VIZINHOS_01-01-2023_A_31-12-2023.CSV
N;RO;PORTO VELHO;A925;-8.7936111;-63.84583333;86.7;INMET_N_RO_A925_PORTO VELHO_01-01-2023_A_31-12-2023.CSV
NE;BA;ABROLHOS;A422;-17.96305555;-38.70333333;20.93;INMET_NE_BA_A422_ABROLHOS_01-01-2023_A_31-12-2023.CSV
CO;MS;SAO GABRIEL DO OESTE;A732;-19.42027777;-54.55305555;646.0;INMET_CO_MS_A732_SAO GABRIEL DO OESTE_01-01-2023_A_31-12-2023.CSV
NE;AL;ARAPIRACA;A353;-9.80444444;-36.61916666;236.84;INMET_NE_AL_A353_ARAPIRACA_01-01-2023_A_31-12-2023.CSV
CO;GO;SAO MIGUEL DO ARAGUAIA;A031;-12.82055554;-50.33583333;210.0;INMET_CO_GO_A031_SAO MIGUEL DO ARAGUAIA_01-01-2023_A_31-12-2023.CSV
CO;MT;ROSARIO OESTE;A944;-14.82888888;-56.44194444;195.0;INMET_CO_MT_A944_ROSARIO OESTE_01-01-2023_A_31-12-2023.CSV
CO;MS;DOURADOS;A721;-22.19388888;-54.91138888;463.3;INMET_CO_MS_A721_DOURADOS_01-01-2023_A_31-12-2023.CSV
CO;MT;PARANATINGA;A915;-14.42138888;-54.0361111;476.91;INMET_CO_MT_A915_PARANATINGA_01-01-2023_A_31-12-2023.CSV
CO;MT;ALTO ARAGUAIA;A909;-17.33944444;-53.22444443;753.28;INMET_CO_MT_A909_ALTO ARAGUAIA_01-01-2023_A_31-12-2023.CSV
SE;SP;ARIRANHA;A736;-21.13305554;-48.84055555;525.44;INMET_SE_SP_A736_ARIRANHA_01-01-2023_A_31-12-2023.CSV
NE;MA;TURIACU;A219;-1.66111111;-45.37249999;35.86;INMET_NE_MA_A219_TURIACU_01-01-2023_A_31-12-2023.CSV
S;PR;CIDADE GAUCHA;A869;-23.35916666;-52.93194443;365.79;INMET_S_PR_A869_CIDADE GAUCHA_01-01-2023_A_31-12-2023.CSV
NE;BA;CORRENTINA;A416;-13.33249999;-44.61749999;551.71;INMET_NE_BA_A416_CORRENTINA_01-01-2023_A_31-12-2023.CSV
CO;MT;SAPEZAL;A911;-13.30388888;-58.76333333;105.0;INMET_CO_MT_A911_SAPEZAL_01-01-2023_A_31-12-2023.CSV
S;RS;CAPAO DO LEAO (PELOTAS);A887;-31.8025;-52.40722222;13.0;INMET_S_RS_A887_CAPAO DO LEAO (PELOTAS)_01-01-2023_A_31-12-2023.CSV
NE;MA;SAO LUIS;A203;-2.52666666;-44.21361111;54.8;INMET_NE_MA_A203_SAO LUIS_01-01-2023_A_31-12-2023.CSV
N;TO;PEIXE;A018;-12.01527777;-48.54444444;250.87;INMET_N_TO_A018_PEIXE_01-01-2023_A_31-12-2023.CSV
SE;MG;CONCEICAO DAS ALAGOAS;A520;-19.98586;-48.151574;572.54;INMET_SE_MG_A520_CONCEICAO DAS ALAGOAS_01-01-2023_A_31-12-2023.CSV
CO;GO;POSSE;A017;-14.08916666;-46.36638888;830.0;INMET_CO_GO_A017_POSSE_01-01-2023_A_31-12-2023.CSV
CO;DF;BRASILIA;A001;-15.78944444;-47.92583332;1160.96;INMET_CO_DF_A001_BRASILIA_01-01-2023_A_31-12-2023.CSV
CO;DF;GAMA (PONTE ALTA);A046;-15.93527777;-48.13749999;990.0;INMET_CO_DF_A046_GAMA (PONTE ALTA)_01-01-2023_A_31-12-2023.CSV
N;AC;PORTO WALTER;A136;-8.26722221;-72.74777777;205.35;INMET_N_AC_A136_PORTO WALTER_01-01-2023_A_31-12-2023.CSV
NE;RN;MACAU;A317;-5.15111111;-36.57305554;17.37;INMET_NE_RN_A317_MACAU_01-01-2023_A_31-12-2023.CSV
N;TO;SANTA ROSA DO TOCANTINS;A052;-11.42888888;-48.18499999;306.0;INMET_N_TO_A052_SANTA ROSA DO TOCANTINS_01-01-2023_A_31-12-2023.CSV
S;PR;NOVA FATIMA;A842;-23.41527777;-50.57777777;664.31;INMET_S_PR_A842_NOVA FATIMA_01-01-2023_A_31-12-2023.CSV
SE;MG;CORONEL PACHECO;A557;-21.54666666;-43.26111111;411.14;INMET_SE_MG_A557_CORONEL PACHECO_01-01-2023_A_31-12-2023.CSV
S;RS;SANTA MARIA;A803;-29.72499999;-53.72055554;103.1;INMET_S_RS_A803_SANTA MARIA_01-01-2023_A_31-12-2023.CSV
NE;PB;CAMARATUBA;A352;-6.56194444;-35.13527777;135.51;INMET_NE_PB_A352_CAMARATUBA_01-01-2023_A_31-12-2023.CSV
NE;PI;CASTELO DO PIAUI;A361;-5.34916666;-41.51222222;268.75;INMET_NE_PI_A361_CASTELO DO PIAUI_01-01-2023_A_31-12-2023.CSV
NE;BA;REMANSO;A423;-9.62555554;-42.07722221;397.4;INMET_NE_BA_A423_REMANSO_01-01-2023_A_31-12-2023.CSV
CO;MT;JUINA;A920;-11.37499999;-58.77472221;365.39;INMET_CO_MT_A920_JUINA_01-01-2023_A_31-12-2023.CSV
CO;MT;COMODORO;A913;-13.70805555;-59.7625;576.87;INMET_CO_MT_A913_COMODORO_01-01-2023_A_31-12-2023.CSV
N;PA;CONCEICAO DO ARAGUAIA;A241;-8.30361111;-49.28277777;175.74;INMET_N_PA_A241_CONCEICAO DO ARAGUAIA_01-01-2023_A_31-12-2023.CSV
N;PA;BREVES;A228;-1.68027777;-50.47805554;11.0;INMET_N_PA_A228_BREVES_01-01-2023_A_31-12-2023.CSV
S;RS;RIO GRANDE;A802;-32.07888888;-52.16777777;4.92;INMET_S_RS_A802_RIO GRANDE_01-01-2023_A_31-12-2023.CSV
NE;RN;CAICO;A316;-6.46749999;-37.08499999;171.26;INMET_NE_RN_A316_CAICO_01-01-2023_A_31-12-2023.CSV
CO;GO;CRISTALINA (FAZENDA SANTA MONICA);A056;-16.39944444;-47.62583332;932.0;INMET_CO_GO_A056_CRISTALINA (FAZENDA SANTA MONICA)_01-01-2023_A_31-12-2023.CSV
SE;RJ;TERESOPOLIS-PARQUE NACIONAL;A618;-22.4486111;-42.98694444;981.0;INMET_SE_RJ_A618_TERESOPOLIS-PARQUE NACIONAL_01-01-2023_A_31-12-2023.CSV
S;RS;SANTO AUGUSTO;A805;-27.85444444;-53.7911111;489.67;INMET_S_RS_A805_SANTO AUGUSTO_01-01-2023_A_31-12-2023.CSV
CO;MT;BRASNORTE (NOVO MUNDO);A927;-12.52194443;-58.23138888;426.2;INMET_CO_MT_A927_BRASNORTE (NOVO MUNDO)_01-01-2023_A_31-12-2023.CSV
S;PR;INACIO MARTINS;A823;-25.567879;-51.077946;1208.85;INMET_S_PR_A823_INACIO MARTINS_01-01-2023_A_31-12-2023.CSV
NE;CE;MORADA NOVA;A332;-5.0911111;-38.36472222;93.0;INMET_NE_CE_A332_MORADA NOVA_01-01-2023_A_31-12-2023.CSV
NE;PI;BOM JESUS DO PIAUI;A326;-9.07999999;-44.32777777;288.0;INMET_NE_PI_A326_BOM JESUS DO PIAUI_01-01-2023_A_31-12-2023.CSV
NE;CE;IGUATU;A319;-6.39638888;-39.26888888;221.56;INMET_NE_CE_A319_IGUATU_01-01-2023_A_31-12-2023.CSV
NE;PI;CANTO DO BURITI;A365;-8.11805554;-42.97583332;312.07;INMET_NE_PI_A365_CANTO DO BURITI_01-01-2023_A_31-12-2023.CSV
SE;RJ;SEROPEDICA-ECOLOGIA AGRICOLA;A601;-22.75777777;-43.68472221;35.0;INMET_SE_RJ_A601_SEROPEDICA-ECOLOGIA AGRICOLA_01-01-2023_A_31-12-2023.CSV
SE;MG;DIAMANTINA;A537;-18.231052;-43.648269;1359.25;INMET_SE_MG_A537_DIAMANTINA_01-01-2023_A_31-12-2023.CSV
CO;DF;PARANOA (COOPA-DF);A047;-16.012222;-47.557417;1043.0;INMET_CO_DF_A047_PARANOA (COOPA-DF)_01-01-2023_A_31-12-2023.CSV
NE;BA;RIBEIRA DO AMPARO;A458;-11.05861111;-38.44416666;182.0;INMET_NE_BA_A458_RIBEIRA DO AMPARO_01-01-2023_A_31-12-2023.CSV
CO;GO;EDEIA;A029;-17.33694444;-49.91472222;608.0;INMET_CO_GO_A029_EDEIA_01-01-2023_A_31-12-2023.CSV
SE;SP;SOROCABA;A713;-23.4261111;-47.58555555;609.33;INMET_SE_SP_A713_SOROCABA_01-01-2023_A_31-12-2023.CSV
SE;MG;NOVA PORTEIRINHA (JANAUBA);A563;-15.80277777;-43.29694444;532.0;INMET_SE_MG_A563_NOVA PORTEIRINHA (JANAUBA)_01-01-2023_A_31-12-2023.CSV
SE;MG;AGUAS VERMELHAS;A549;-15.75166666;-41.45777777;754.07;INMET_SE_MG_A549_AGUAS VERMELHAS_01-01-2023_A_31-12-2023.CSV
SE;MG;ALMENARA;A508;-16.16666666;-40.68777777;189.11;INMET_SE_MG_A508_ALMENARA_01-01-2023_A_31-12-2023.CSV
CO;MS;JARDIM;A758;-21.4786111;-56.13777777;252.47;INMET_CO_MS_A758_JARDIM_01-01-2023_A_31-12-2023.CSV
N;TO;ARAGUATINS;A044;-5.6436111;-48.11194444;130.71;INMET_N_TO_A044_ARAGUATINS_01-01-2023_A_31-12-2023.CSV
SE;MG;PATOS DE MINAS;A562;-18.52055554;-46.44055555;950.0;INMET_SE_MG_A562_PATOS DE MINAS_01-01-2023_A_31-12-2023.CSV
S;SC;INDAIAL;A817;-26.91361111;-49.26805554;72.24;INMET_S_SC_A817_INDAIAL_01-01-2023_A_31-12-2023.CSV
S;PR;MAL. CANDIDO RONDON;A820;-24.53333333;-54.01916666;392.07;INMET_S_PR_A820_MAL. CANDIDO RONDON_01-01-2023_A_31-12-2023.CSV
SE;MG;GUANHAES;A533;-18.78694444;-42.94305555;852.68;INMET_SE_MG_A533_GUANHAES_01-01-2023_A_31-12-2023.CSV
CO;MT;RONDONOPOLIS;A907;-16.4625;-54.58027777;289.88;INMET_CO_MT_A907_RONDONOPOLIS_01-01-2023_A_31-12-2023.CSV
SE;SP;LINS;A727;-21.66611111;-49.73472221;460.65;INMET_SE_SP_A727_LINS_01-01-2023_A_31-12-2023.CSV
NE;PE;IBIMIRIM;A349;-8.50944444;-37.71166666;434.23;INMET_NE_PE_A349_IBIMIRIM_01-01-2023_A_31-12-2023.CSV
NE;PB;SAO GONCALO;A333;-6.835777;-38.311583;237.04;INMET_NE_PB_A333_SAO GONCALO_01-01-2023_A_31-12-2023.CSV
SE;MG;PARACATU;A571;-17.24444444;-46.88166666;705.0;INMET_SE_MG_A571_PARACATU_01-01-2023_A_31-12-2023.CSV
SE;MG;POMPEU;A560;-19.23249999;-44.96416666;705.0;INMET_SE_MG_A560_POMPEU_01-01-2023_A_31-12-2023.CSV
SE;MG;UBERABA;A568;-19.71;-47.96194444;778.0;INMET_SE_MG_A568_UBERABA_01-01-2023_A_31-12-2023.CSV
SE;RJ;MACAE;A608;-22.3761111;-41.81194444;28.0;INMET_SE_RJ_A608_MACAE_01-01-2023_A_31-12-2023.CSV
S;PR;SAO MATEUS DO SUL;A874;-25.83555555;-50.36888888;780.21;INMET_S_PR_A874_SAO MATEUS DO SUL_01-01-2023_A_31-12-2023.CSV
NE;PI;SAO RAIMUNDO NONATO;A345;-9.03305554;-42.70111111;385.0;INMET_NE_PI_A345_SAO RAIMUNDO NONATO_01-01-2023_A_31-12-2023.CSV
N;AC;CRUZEIRO DO SUL;A108;-7.61055555;-72.6811111;220.0;INMET_N_AC_A108_CRUZEIRO DO SUL_01-01-2023_A_31-12-2023.CSV
NE;AL;PAO DE ACUCAR;A323;-9.74916666;-37.43083332;20.83;INMET_NE_AL_A323_PAO DE ACUCAR_01-01-2023_A_31-12-2023.CSV
S;RS;DOM PEDRITO;A881;-31.0025;-54.61805554;150.0;INMET_S_RS_A881_DOM PEDRITO_01-01-2023_A_31-12-2023.CSV
CO;GO;ITAPACI;A015;-14.97972221;-49.53944444;551.0;INMET_CO_GO_A015_ITAPACI_01-01-2023_A_31-12-2023.CSV
N;PA;SANTAREM;A250;-2.5025;-54.72027777;137.0;INMET_N_PA_A250_SANTAREM_01-01-2023_A_31-12-2023.CSV
CO;GO;MINEIROS;A026;-17.45472222;-52.60111111;862.0;INMET_CO_GO_A026_MINEIROS_01-01-2023_A_31-12-2023.CSV
NE;BA;GUANAMBI;A426;-14.20805555;-42.74972221;552.23;INMET_NE_BA_A426_GUANAMBI_01-01-2023_A_31-12-2023.CSV
N;PA;MINA DO PALITO;A246;-6.31999999;-55.78777777;259.88;INMET_N_PA_A246_MINA DO PALITO_01-01-2023_A_31-12-2023.CSV
CO;MS;COSTA RICA;A760;-18.49277777;-53.17138888;727.34;INMET_CO_MS_A760_COSTA RICA_01-01-2023_A_31-12-2023.CSV
N;PA;BRAGANCA;A226;-1.05583333;-46.78277777;5.6;INMET_N_PA_A226_BRAGANCA_01-01-2023_A_31-12-2023.CSV
N;PA;NOVO REPARTIMENTO;A235;-4.24388888;-49.93944444;100.76;INMET_N_PA_A235_NOVO REPARTIMENTO_01-01-2023_A_31-12-2023.CSV
SE;RJ;NOVA FRIBURGO - SALINAS;A624;-22.33472221;-42.67694443;1070.0;INMET_SE_RJ_A624_NOVA FRIBURGO - SALINAS_01-01-2023_A_31-12-2023.CSV
S;SC;JOACABA;A841;-27.16916666;-51.55888888;767.63;INMET_S_SC_A841_JOACABA_01-01-2023_A_31-12-2023.CSV
CO;MT;GUARANTA DO NORTE;A906;-9.9525;-54.89777777;283.58;INMET_CO_MT_A906_GUARANTA DO NORTE_01-01-2023_A_31-12-2023.CSV
NE;BA;ITABERABA;A408;-12.52416666;-40.29972221;250.11;INMET_NE_BA_A408_ITABERABA_01-01-2023_A_31-12-2023.CSV
SE;MG;SAO JOAO DEL REI;A514;-21.10638888;-44.25083333;929.88;INMET_SE_MG_A514_SAO JOAO DEL REI_01-01-2023_A_31-12-2023.CSV
SE;SP;MARILIA;A763;-22.235222;-49.965111;660.0;INMET_SE_SP_A763_MARILIA_01-01-2023_A_31-12-2023.CSV
S;PR;FOZ DO IGUACU;A846;-25.60194444;-54.48305554;235.09;INMET_S_PR_A846_FOZ DO IGUACU_01-01-2023_A_31-12-2023.CSV
S;RS;LAGOA VERMELHA;A844;-28.222381;-51.512845;833.83;INMET_S_RS_A844_LAGOA VERMELHA_01-01-2023_A_31-12-2023.CSV
CO;GO;GOIANESIA;A022;-15.22027777;-48.98999999;667.01;INMET_CO_GO_A022_GOIANESIA_01-01-2023_A_31-12-2023.CSV
S;SC;ARARANGUA;A867;-28.931353;-49.49792;2.0;INMET_S_SC_A867_ARARANGUA_01-01-2023_A_31-12-2023.CSV
SE;SP;BARRETOS;A748;-20.55916666;-48.54499999;534.36;INMET_SE_SP_A748_BARRETOS_01-01-2023_A_31-12-2023.CSV
S;SC;CAMPOS NOVOS;A898;-27.3886111;-51.21583333;963.0;INMET_S_SC_A898_CAMPOS NOVOS_01-01-2023_A_31-12-2023.CSV
NE;BA;ITAPETINGA;A446;-15.24472221;-40.22944443;271.48;INMET_NE_BA_A446_ITAPETINGA_01-01-2023_A_31-12-2023.CSV
CO;MT;APIACAS;A910;-9.56333333;-57.3936111;217.75;INMET_CO_MT_A910_APIACAS_01-01-2023_A_31-12-2023.CSV
N;RR;BOA VISTA;A135;2.81694443;-60.69083333;82.35;INMET_N_RR_A135_BOA VISTA_01-01-2023_A_31-12-2023.CSV
CO;GO;GOIANIA;A002;-16.64277777;-49.22027777;727.3;INMET_CO_GO_A002_GOIANIA_01-01-2023_A_31-12-2023.CSV
SE;SP;FRANCA;A708;-20.58444444;-47.38249999;1002.74;INMET_SE_SP_A708_FRANCA_01-01-2023_A_31-12-2023.CSV
NE;PI;ALVORADA DO GURGUEIA;A336;-8.37638888;-43.85944444;225.0;INMET_NE_PI_A336_ALVORADA DO GURGUEIA_01-01-2023_A_31-12-2023.CSV
S;PR;CURITIBA;A807;-25.4486111;-49.23055554;922.91;INMET_S_PR_A807_CURITIBA_01-01-2023_A_31-12-2023.CSV
N;AM;MANACAPURU;A119;-3.29472221;-60.62833332;36.57;INMET_N_AM_A119_MANACAPURU_01-01-2023_A_31-12-2023.CSV
N;AM;MANAUS;A101;-3.10333333;-60.01638888;61.25;INMET_N_AM_A101_MANAUS_01-01-2023_A_31-12-2023.CSV
N;AM;EIRUNEPE;A109;-6.65027777;-69.8686111;121.54;INMET_N_AM_A109_EIRUNEPE_01-01-2023_A_31-12-2023.CSV
SE;ES;AFONSO CLAUDIO;A657;-20.10416666;-41.10694444;507.48;INMET_SE_ES_A657_AFONSO CLAUDIO_01-01-2023_A_31-12-2023.CSV
CO;MS;PONTA PORA;A703;-22.5525;-55.71638888;668.0;INMET_CO_MS_A703_PONTA PORA_01-01-2023_A_31-12-2023.CSV
NE;AL;SAO LUIS DO QUITUNDE;A356;-9.28749999;-35.56583333;13.69;INMET_NE_AL_A356_SAO LUIS DO QUITUNDE_01-01-2023_A_31-12-2023.CSV
NE;MA;BURITICUPU;A238;-4.32055554;-46.44944444;174.91;INMET_NE_MA_A238_BURITICUPU_01-01-2023_A_31-12-2023.CSV
NE;PI;PARNAIBA;A308;-3.08666666;-41.78305554;52.11;INMET_NE_PI_A308_PARNAIBA_01-01-2023_A_31-12-2023.CSV
N;RO;VILHENA;A938;-12.73499999;-60.15777777;583.3;INMET_N_RO_A938_VILHENA_01-01-2023_A_31-12-2023.CSV
S;RS;MOSTARDAS;A878;-31.24833333;-50.90638888;3.82;INMET_S_RS_A878_MOSTARDAS_01-01-2023_A_31-12-2023.CSV
NE;CE;QUIXERAMOBIM;A325;-5.17444443;-39.28944444;221.04;INMET_NE_CE_A325_QUIXERAMOBIM_01-01-2023_A_31-12-2023.CSV
SE;ES;VITORIA;A612;-20.27083332;-40.30583333;9.0;INMET_SE_ES_A612_VITORIA_01-01-2023_A_31-12-2023.CSV
N;PA;BELEM;A201;-1.411228;-48.439512;21.17;INMET_N_PA_A201_BELEM_01-01-2023_A_31-12-2023.CSV
NE;MA;BARRA DO CORDA;A221;-5.50666666;-45.23694444;154.19;INMET_NE_MA_A221_BARRA DO CORDA_01-01-2023_A_31-12-2023.CSV
S;RS;PORTO ALEGRE - JARDIM BOTANICO;A801;-30.05361111;-51.17472221;41.18;INMET_S_RS_A801_PORTO ALEGRE - JARDIM BOTANICO_01-01-2023_A_31-12-2023.CSV
N;PA;SANTA MARIA DAS BARREIRAS;A256;-8.72972221;-49.85638888;165.0;INMET_N_PA_A256_SANTA MARIA DAS BARREIRAS_01-01-2023_A_31-12-2023.CSV
SE;SP;DRACENA;A762;-21.45777777;-51.55222222;383.0;INMET_SE_SP_A762_DRACENA_01-01-2023_A_31-12-2023.CSV
CO;MT;PRIMAVERA DO LESTE;A923;-15.57999999;-54.3811111;680.0;INMET_CO_MT_A923_PRIMAVERA DO LESTE_01-01-2023_A_31-12-2023.CSV
N;PA;SERRA DOS CARAJAS;A230;-6.07749999;-50.14222221;707.0;INMET_N_PA_A230_SERRA DOS CARAJAS_01-01-2023_A_31-12-2023.CSV
S;PR;LARANJEIRAS DO SUL;B804;-25.37138888;-52.40083333;889.0;INMET_S_PR_B804_LARANJEIRAS DO SUL_01-01-2023_A_31-12-2023.CSV
NE;PE;RECIFE;A301;-8.05916666;-34.95916666;11.3;INMET_NE_PE_A301_RECIFE_01-01-2023_A_31-12-2023.CSV
CO;MS;SETE QUEDAS;A751;-23.96694443;-55.02416666;398.4;INMET_CO_MS_A751_SETE QUEDAS_01-01-2023_A_31-12-2023.CSV
N;AM;LABREA;A111;-7.26055555;-64.7886111;61.91;INMET_N_AM_A111_LABREA_01-01-2023_A_31-12-2023.CSV
SE;MG;MURIAE;A517;-21.105;-42.37583332;282.79;INMET_SE_MG_A517_MURIAE_01-01-2023_A_31-12-2023.CSV
SE;MG;AIMORES;A534;-19.53277777;-41.09083333;287.74;INMET_SE_MG_A534_AIMORES_01-01-2023_A_31-12-2023.CSV
CO;GO;ALTO PARAISO DE GOIAS;A024;-14.13305554;-47.52333332;1264.7;INMET_CO_GO_A024_ALTO PARAISO DE GOIAS_01-01-2023_A_31-12-2023.CSV
S;RS;SANTANA DO LIVRAMENTO;A804;-30.75055555;-55.40138888;196.0;INMET_S_RS_A804_SANTANA DO LIVRAMENTO_01-01-2023_A_31-12-2023.CSV
S;PR;PARANAPOEMA;A850;-22.65833333;-52.13444444;308.7;INMET_S_PR_A850_PARANAPOEMA_01-01-2023_A_31-12-2023.CSV
CO;MT;CAMPO NOVO DOS PARECIS;A905;-13.78583333;-57.8386111;525.41;INMET_CO_MT_A905_CAMPO NOVO DOS PARECIS_01-01-2023_A_31-12-2023.CSV
SE;SP;ITUVERAVA;A753;-20.35972222;-47.77527777;610.58;INMET_SE_SP_A753_ITUVERAVA_01-01-2023_A_31-12-2023.CSV
NE;SE;NOSSA SENHORA DA GLORIA;A453;-10.20777777;-37.43194443;271.0;INMET_NE_SE_A453_NOSSA SENHORA DA GLORIA_01-01-2023_A_31-12-2023.CSV
S;SC;LAGES;A865;-27.80222222;-50.33555555;952.7;INMET_S_SC_A865_LAGES_01-01-2023_A_31-12-2023.CSV
S;RS;PORTO ALEGRE- BELEM NOVO;B807;-30.1861111;-51.17805554;3.3;INMET_S_RS_B807_PORTO ALEGRE- BELEM NOVO_01-01-2023_A_31-12-2023.CSV
SE;MG;JUIZ DE FORA;A518;-21.769965;-43.364329;936.88;INMET_SE_MG_A518_JUIZ DE FORA_01-01-2023_A_31-12-2023.CSV
CO;GO;PIRES DO RIO;A033;-17.30416666;-48.28416666;757.27;INMET_CO_GO_A033_PIRES DO RIO_01-01-2023_A_31-12-2023.CSV
CO;MS;AGUA CLARA;A756;-20.44444444;-52.87583332;323.63;INMET_CO_MS_A756_AGUA CLARA_01-01-2023_A_31-12-2023.CSV
CO;MT;NOVA UBIRATA;A929;-13.41111111;-54.75222222;466.48;INMET_CO_MT_A929_NOVA UBIRATA_01-01-2023_A_31-12-2023.CSV
SE;MG;BAMBUI;A565;-20.0311111;-46.00888888;697.0;INMET_SE_MG_A565_BAMBUI_01-01-2023_A_31-12-2023.CSV
NE;CE;JAGUARIBE;A358;-5.90555555;-38.62777777;149.31;INMET_NE_CE_A358_JAGUARIBE_01-01-2023_A_31-12-2023.CSV
SE;RJ;PICO DO COUTO;A610;-22.46472222;-43.29138888;1777.0;INMET_SE_RJ_A610_PICO DO COUTO_01-01-2023_A_31-12-2023.CSV
NE;PE;CARUARU;A341;-8.36527777;-36.02833332;852.0;INMET_NE_PE_A341_CARUARU_01-01-2023_A_31-12-2023.CSV
CO;MS;MARACAJU;A731;-21.60916666;-55.17749999;388.94;INMET_CO_MS_A731_MARACAJU_01-01-2023_A_31-12-2023.CSV
SE;MG;GOVERNADOR VALADARES;A532;-18.830354;-41.977007;198.24;INMET_SE_MG_A532_GOVERNADOR VALADARES_01-01-2023_A_31-12-2023.CSV
NE;PI;OEIRAS;A354;-6.97416666;-42.14694444;154.03;INMET_NE_PI_A354_OEIRAS_01-01-2023_A_31-12-2023.CSV
NE;PE;ARCO VERDE;A309;-8.4336111;-37.05555555;683.95;INMET_NE_PE_A309_ARCO VERDE_01-01-2023_A_31-12-2023.CSV
S;RS;QUARAI;A831;-30.368578;-56.437115;113.05;INMET_S_RS_A831_QUARAI_01-01-2023_A_31-12-2023.CSV
N;PA;TUCURUI;A229;-3.82277777;-49.67499999;137.94;INMET_N_PA_A229_TUCURUI_01-01-2023_A_31-12-2023.CSV
CO;MT;PONTES E LACERDA;A937;-15.23444444;-59.3461111;272.53;INMET_CO_MT_A937_PONTES E LACERDA_01-01-2023_A_31-12-2023.CSV
NE;BA;PORTO SEGURO;A427;-16.38888888;-39.18249999;86.36;INMET_NE_BA_A427_PORTO SEGURO_01-01-2023_A_31-12-2023.CSV
NE;PI;FLORIANO;A311;-6.76138888;-43.00333333;126.39;INMET_NE_PI_A311_FLORIANO_01-01-2023_A_31-12-2023.CSV
S;RS;SAO JOSE DOS AUSENTES;A829;-28.7486111;-50.05777777;1228.59;INMET_S_RS_A829_SAO JOSE DOS AUSENTES_01-01-2023_A_31-12-2023.CSV
NE;MA;CHAPADINHA;A206;-3.74277777;-43.35222222;104.0;INMET_NE_MA_A206_CHAPADINHA_01-01-2023_A_31-12-2023.CSV
S;RS;SERAFINA CORREA;A894;-28.70472222;-51.87083332;485.29;INMET_S_RS_A894_SERAFINA CORREA_01-01-2023_A_31-12-2023.CSV
SE;MG;ARAXA;A505;-19.60583333;-46.94972221;1018.32;INMET_SE_MG_A505_ARAXA_01-01-2023_A_31-12-2023.CSV
NE;BA;SALVADOR (RADIO FAROL);A456;-12.80833333;-38.49583333;31.0;INMET_NE_BA_A456_SALVADOR (RADIO FAROL)_01-01-2023_A_31-12-2023.CSV
SE;ES;PRESIDENTE KENNEDY;A622;-21.10083333;-41.03944444;69.12;INMET_SE_ES_A622_PRESIDENTE KENNEDY_01-01-2023_A_31-12-2023.CSV
CO;MT;JUARA;A914;-11.28027777;-57.52666666;263.43;INMET_CO_MT_A914_JUARA_01-01-2023_A_31-12-2023.CSV
SE;SP;ITAPIRA;A739;-22.415;-46.80527777;634.89;INMET_SE_SP_A739_ITAPIRA_01-01-2023_A_31-12-2023.CSV
S;PR;CASTRO;A819;-24.77999999;-50.04638888;1016.0;INMET_S_PR_A819_CASTRO_01-01-2023_A_31-12-2023.CSV
NE;SE;POCO VERDE;A419;-10.73805555;-38.10833333;367.01;INMET_NE_SE_A419_POCO VERDE_01-01-2023_A_31-12-2023.CSV
S;PR;VENTANIA;A872;-24.28027777;-50.21027777;1093.41;INMET_S_PR_A872_VENTANIA_01-01-2023_A_31-12-2023.CSV
S;RS;PALMEIRA DAS MISSOES;A856;-27.92027777;-53.31805554;614.11;INMET_S_RS_A856_PALMEIRA DAS MISSOES_01-01-2023_A_31-12-2023.CSV
NE;BA;CURACA;A448;-9.00138888;-39.9125;370.0;INMET_NE_BA_A448_CURACA_01-01-2023_A_31-12-2023.CSV
NE;BA;SENHOR DO BONFIM;A428;-10.44305555;-40.14833333;532.09;INMET_NE_BA_A428_SENHOR DO BONFIM_01-01-2023_A_31-12-2023.CSV
SE;ES;SAO MATEUS;A616;-18.6761111;-39.86416666;28.66;INMET_SE_ES_A616_SAO MATEUS_01-01-2023_A_31-12-2023.CSV
N;PA;CAMETA;A236;-2.23972221;-49.49972221;9.92;INMET_N_PA_A236_CAMETA_01-01-2023_A_31-12-2023.CSV
SE;SP;SAO PAULO - INTERLAGOS;A771;-23.724501;-46.677501;771.0;INMET_SE_SP_A771_SAO PAULO - INTERLAGOS_01-01-2023_A_31-12-2023.CSV
CO;MT;S.J. DO RIO CLARO;A903;-13.45388888;-56.67722221;339.59;INMET_CO_MT_A903_S.J. DO RIO CLARO_01-01-2023_A_31-12-2023.CSV
N;PA;ITAITUBA;A231;-4.27694443;-55.99305555;24.46;INMET_N_PA_A231_ITAITUBA_01-01-2023_A_31-12-2023.CSV
SE;ES;VENDA NOVA DO IMIGRANTE;A633;-20.38555555;-41.18999999;722.0;INMET_SE_ES_A633_VENDA NOVA DO IMIGRANTE_01-01-2023_A_31-12-2023.CSV
NE;MA;BALSAS;A204;-7.45555555;-46.02749999;271.03;INMET_NE_MA_A204_BALSAS_01-01-2023_A_31-12-2023.CSV
S;RS;BAGE;A827;-31.34777777;-54.01333333;226.19;INMET_S_RS_A827_BAGE_01-01-2023_A_31-12-2023.CSV
SE;SP;BAURU;A705;-22.358052;-49.028877;636.17;INMET_SE_SP_A705_BAURU_01-01-2023_A_31-12-2023.CSV
N;TO;FORMOSO DO ARAGUAIA;A039;-11.88749999;-49.60833333;215.2;INMET_N_TO_A039_FORMOSO DO ARAGUAIA_01-01-2023_A_31-12-2023.CSV
CO;GO;IPORA;A028;-16.42305554;-51.14888888;610.41;INMET_CO_GO_A028_IPORA_01-01-2023_A_31-12-2023.CSV
SE;SP;IBITINGA;A737;-21.85555555;-48.79972221;496.75;INMET_SE_SP_A737_IBITINGA_01-01-2023_A_31-12-2023.CSV
NE;CE;GUARAMIRANGA;A314;-4.22916666;-38.95888888;865.53;INMET_NE_CE_A314_GUARAMIRANGA_01-01-2023_A_31-12-2023.CSV
NE;PI;CORRENTE;A374;-10.42916666;-45.17305554;452.0;INMET_NE_PI_A374_CORRENTE_01-01-2023_A_31-12-2023.CSV
SE;MG;CHAPADA GAUCHA;A548;-15.30027777;-45.61749999;873.2;INMET_SE_MG_A548_CHAPADA GAUCHA_01-01-2023_A_31-12-2023.CSV
SE;RJ;CAMBUCI;A604;-21.58749999;-41.95833333;46.0;INMET_SE_RJ_A604_CAMBUCI_01-01-2023_A_31-12-2023.CSV
NE;BA;AMARGOSA;A434;-13.00944444;-39.61694443;397.8;INMET_NE_BA_A434_AMARGOSA_01-01-2023_A_31-12-2023.CSV
CO;MT;QUERENCIA;A916;-12.60305555;-52.1625;355.0;INMET_CO_MT_A916_QUERENCIA_01-01-2023_A_31-12-2023.CSV
SE;MG;RIO PARDO DE MINAS;A551;-15.72305554;-42.43583333;850.06;INMET_SE_MG_A551_RIO PARDO DE MINAS_01-01-2023_A_31-12-2023.CSV
CO;MS;CASSILANDIA;A742;-19.12249999;-51.72083332;494.72;INMET_CO_MS_A742_CASSILANDIA_01-01-2023_A_31-12-2023.CSV
CO;MT;SINOP;A917;-11.98222221;-55.56611111;366.57;INMET_CO_MT_A917_SINOP_01-01-2023_A_31-12-2023.CSV
NE;CE;JAGUARUANA;A339;-4.83777777;-37.69972221;12.0;INMET_NE_CE_A339_JAGUARUANA_01-01-2023_A_31-12-2023.CSV
NE;RN;CALCANHAR;A344;-5.16;-35.48749999;9.82;INMET_NE_RN_A344_CALCANHAR_01-01-2023_A_31-12-2023.CSV
NE;PE;GARANHUNS;A322;-8.91083333;-36.49333333;827.78;INMET_NE_PE_A322_GARANHUNS_01-01-2023_A_31-12-2023.CSV
SE;SP;ITAPEVA;A714;-23.98194443;-48.88583333;743.33;INMET_SE_SP_A714_ITAPEVA_01-01-2023_A_31-12-2023.CSV
S;PR;MORRETES;A873;-25.50888888;-48.80861111;50.31;INMET_S_PR_A873_MORRETES_01-01-2023_A_31-12-2023.CSV
NE;CE;TIANGUA;A368;-3.73222221;-41.01194444;756.0;INMET_NE_CE_A368_TIANGUA_01-01-2023_A_31-12-2023.CSV
NE;SE;BREJO GRANDE;A421;-10.47388888;-36.48194443;6.11;INMET_NE_SE_A421_BREJO GRANDE_01-01-2023_A_31-12-2023.CSV
NE;BA;LENCOIS;A425;-12.55777777;-41.38888888;438.09;INMET_NE_BA_A425_LENCOIS_01-01-2023_A_31-12-2023.CSV
N;PA;TUCUMA;A234;-6.74333333;-51.14194444;320.93;INMET_N_PA_A234_TUCUMA_01-01-2023_A_31-12-2023.CSV
CO;GO;CATALAO;A034;-18.154779;-47.927614;900.72;INMET_CO_GO_A034_CATALAO_01-01-2023_A_31-12-2023.CSV
SE;ES;ALFREDO CHAVES;A615;-20.63638888;-40.74194444;14.19;INMET_SE_ES_A615_ALFREDO CHAVES_01-01-2023_A_31-12-2023.CSV
SE;ES;LINHARES;A614;-19.35694444;-40.0686111;40.0;INMET_SE_ES_A614_LINHARES_01-01-2023_A_31-12-2023.CSV
S;PR;GOIOERE;A825;-24.18388888;-53.04888888;481.0;INMET_S_PR_A825_GOIOERE_01-01-2023_A_31-12-2023.CSV
SE;ES;MARILANDIA;A632;-19.40722222;-40.53972221;95.0;INMET_SE_ES_A632_MARILANDIA_01-01-2023_A_31-12-2023.CSV
N;TO;ARAGUAINA;A021;-7.10388888;-48.20111111;230.76;INMET_N_TO_A021_ARAGUAINA_01-01-2023_A_31-12-2023.CSV
SE;MG;ESPINOSA;A543;-14.91222222;-42.80861111;565.36;INMET_SE_MG_A543_ESPINOSA_01-01-2023_A_31-12-2023.CSV
S;SC;RIO NEGRINHO;A862;-26.2486111;-49.57416666;800.0;INMET_S_SC_A862_RIO NEGRINHO_01-01-2023_A_31-12-2023.CSV
S;PR;CAMPINA DA LAGOA;B803;-24.57083332;-52.80027777;598.0;INMET_S_PR_B803_CAMPINA DA LAGOA_01-01-2023_A_31-12-2023.CSV
CO;GO;LUZIANIA;A012;-16.26055555;-47.96694443;1000.82;INMET_CO_GO_A012_LUZIANIA_01-01-2023_A_31-12-2023.CSV
SE;MG;UNAI;A542;-16.55416666;-46.88194443;640.85;INMET_SE_MG_A542_UNAI_01-01-2023_A_31-12-2023.CSV
N;AM;ITACOATIARA;A121;-3.13333333;-58.48277777;41.54;INMET_N_AM_A121_ITACOATIARA_01-01-2023_A_31-12-2023.CSV
N;PA;PORTO DE MOZ;A245;-1.82194443;-52.11166666;19.0;INMET_N_PA_A245_PORTO DE MOZ_01-01-2023_A_31-12-2023.CSV
N;PA;REDENCAO;A254;-8.04333333;-50.00694444;199.0;INMET_N_PA_A254_REDENCAO_01-01-2023_A_31-12-2023.CSV
CO;MS;SONORA;A761;-17.63527777;-54.76055555;495.25;INMET_CO_MS_A761_SONORA_01-01-2023_A_31-12-2023.CSV
SE;RJ;DUQUE DE CAXIAS - XEREM;A603;-22.58972221;-43.28222221;22.0;INMET_SE_RJ_A603_DUQUE DE CAXIAS - XEREM_01-01-2023_A_31-12-2023.CSV
CO;MS;NHUMIRIM;A717;-18.9886111;-56.62277777;102.26;INMET_CO_MS_A717_NHUMIRIM_01-01-2023_A_31-12-2023.CSV
N;AC;MARECHAL THAUMATURGO;A137;-8.95;-72.78666666;220.98;INMET_N_AC_A137_MARECHAL THAUMATURGO_01-01-2023_A_31-12-2023.CSV
N;PA;MONTE ALEGRE;A239;-2.0;-54.07638888;100.53;INMET_N_PA_A239_MONTE ALEGRE_01-01-2023_A_31-12-2023.CSV
SE;MG;JOAO PINHEIRO;A553;-17.78444444;-46.11944443;877.05;INMET_SE_MG_A553_JOAO PINHEIRO_01-01-2023_A_31-12-2023.CSV
N;AC;FEIJO;A138;-8.14277777;-70.3436111;157.17;INMET_N_AC_A138_FEIJO_01-01-2023_A_31-12-2023.CSV
SE;MG;CALDAS;A530;-21.918066;-46.382996;1077.34;INMET_SE_MG_A530_CALDAS_01-01-2023_A_31-12-2023.CSV
SE;RJ;CAMPOS DOS GOYTACAZES - SAO TOME;A620;-22.04166666;-41.05166666;7.0;INMET_SE_RJ_A620_CAMPOS DOS GOYTACAZES - SAO TOME_01-01-2023_A_31-12-2023.CSV
N;PA;ALTAMIRA;A253;-3.26999999;-52.39472221;191.0;INMET_N_PA_A253_ALTAMIRA_01-01-2023_A_31-12-2023.CSV
S;RS;SAO LUIZ GONZAGA;A852;-28.41722221;-54.9625;245.5;INMET_S_RS_A852_SAO LUIZ GONZAGA_01-01-2023_A_31-12-2023.CSV
NE;MA;GRAJAU;A207;-5.81611111;-46.16222222;232.29;INMET_NE_MA_A207_GRAJAU_01-01-2023_A_31-12-2023.CSV
NE;PE;OURICURI;A366;-7.88583333;-40.10277777;457.85;INMET_NE_PE_A366_OURICURI_01-01-2023_A_31-12-2023.CSV
S;RS;ENCRUZILHADA DO SUL;A893;-30.54305555;-52.52472221;427.75;INMET_S_RS_A893_ENCRUZILHADA DO SUL_01-01-2023_A_31-12-2023.CSV
S;PR;ICARAIMA;A824;-23.39027777;-53.63583333;381.29;INMET_S_PR_A824_ICARAIMA_01-01-2023_A_31-12-2023.CSV
SE;RJ;PARATY;A619;-23.2236111;-44.72694443;3.0;INMET_SE_RJ_A619_PARATY_01-01-2023_A_31-12-2023.CSV
S;RS;URUGUAIANA;A809;-29.83999999;-57.08194443;74.29;INMET_S_RS_A809_URUGUAIANA_01-01-2023_A_31-12-2023.CSV
S;RS;IBIRUBA;A883;-28.65333333;-53.11194444;455.27;INMET_S_RS_A883_IBIRUBA_01-01-2023_A_31-12-2023.CSV
CO;MT;AGUA BOA;A908;-14.01638888;-52.21166666;440.0;INMET_CO_MT_A908_AGUA BOA_01-01-2023_A_31-12-2023.CSV
NE;PI;TERESINA;A312;-5.03472221;-42.80138888;75.23;INMET_NE_PI_A312_TERESINA_01-01-2023_A_31-12-2023.CSV
SE;MG;MONTES CLAROS;A506;-16.68638888;-43.84388888;645.87;INMET_SE_MG_A506_MONTES CLAROS_01-01-2023_A_31-12-2023.CSV
CO;MS;IVINHEMA;A709;-22.30055555;-53.82277777;377.36;INMET_CO_MS_A709_IVINHEMA_01-01-2023_A_31-12-2023.CSV
SE;RJ;CARMO;A629;-21.9386111;-42.60083333;293.0;INMET_SE_RJ_A629_CARMO_01-01-2023_A_31-12-2023.CSV
S;RS;TUPANCIRETA;A886;-29.08944444;-53.82666666;462.0;INMET_S_RS_A886_TUPANCIRETA_01-01-2023_A_31-12-2023.CSV
NE;SE;ITABAIANINHA;A417;-11.27249999;-37.79499999;204.8;INMET_NE_SE_A417_ITABAIANINHA_01-01-2023_A_31-12-2023.CSV
N;PA;MARABA;A240;-5.36638888;-49.05111111;116.58;INMET_N_PA_A240_MARABA_01-01-2023_A_31-12-2023.CSV
S;SC;FLORIANOPOLIS;A806;-27.6025;-48.61999999;4.87;INMET_S_SC_A806_FLORIANOPOLIS_01-01-2023_A_31-12-2023.CSV
N;PA;TOME ACU;A213;-2.59249999;-48.36055555;42.95;INMET_N_PA_A213_TOME ACU_01-01-2023_A_31-12-2023.CSV
S;RS;VACARIA;A880;-28.51361111;-50.88277777;969.89;INMET_S_RS_A880_VACARIA_01-01-2023_A_31-12-2023.CSV
NE;BA;QUEIMADAS;A436;-10.98472221;-39.61694443;310.11;INMET_NE_BA_A436_QUEIMADAS_01-01-2023_A_31-12-2023.CSV
CO;MT;SALTO DO CEU;A936;-15.12472221;-58.12722221;300.83;INMET_CO_MT_A936_SALTO DO CEU_01-01-2023_A_31-12-2023.CSV
NE;BA;CRUZ DAS ALMAS;A406;-12.67555554;-39.08944444;219.76;INMET_NE_BA_A406_CRUZ DAS ALMAS_01-01-2023_A_31-12-2023.CSV
CO;MS;AQUIDAUANA;A719;-20.47555554;-55.78388888;151.35;INMET_CO_MS_A719_AQUIDAUANA_01-01-2023_A_31-12-2023.CSV
SE;MG;OURO BRANCO;A513;-20.55666666;-43.75611111;1048.2;INMET_SE_MG_A513_OURO BRANCO_01-01-2023_A_31-12-2023.CSV
S;SC;DIONISIO CERQUEIRA;A848;-26.286562;-53.633114;807.54;INMET_S_SC_A848_DIONISIO CERQUEIRA_01-01-2023_A_31-12-2023.CSV
CO;MT;SERRA NOVA DOURADA;A943;-11.98777777;-51.4261111;441.0;INMET_CO_MT_A943_SERRA NOVA DOURADA_01-01-2023_A_31-12-2023.CSV
S;RS;ERECHIM;A828;-27.65777777;-52.30583333;777.08;INMET_S_RS_A828_ERECHIM_01-01-2023_A_31-12-2023.CSV
N;TO;ARAGUACU;A054;-12.59222221;-49.5286111;231.0;INMET_N_TO_A054_ARAGUACU_01-01-2023_A_31-12-2023.CSV
NE;RN;APODI;A340;-5.62666666;-37.815;131.41;INMET_NE_RN_A340_APODI_01-01-2023_A_31-12-2023.CSV
S;PR;IVAI;A818;-25.01083333;-50.85388888;803.58;INMET_S_PR_A818_IVAI_01-01-2023_A_31-12-2023.CSV
N;AM;PRESIDENTE FIGUEIREDO;A126;-2.05666666;-60.02583332;60.99;INMET_N_AM_A126_PRESIDENTE FIGUEIREDO_01-01-2023_A_31-12-2023.CSV
SE;MG;TEOFILO OTONI;A527;-17.89284;-41.515423;467.17;INMET_SE_MG_A527_TEOFILO OTONI_01-01-2023_A_31-12-2023.CSV
CO;MS;MIRANDA;A722;-20.39555555;-56.43166666;132.49;INMET_CO_MS_A722_MIRANDA_01-01-2023_A_31-12-2023.CSV
SE;MG;MANHUACU;A556;-20.26333333;-42.18277777;819.47;INMET_SE_MG_A556_MANHUACU_01-01-2023_A_31-12-2023.CSV
NE;BA;SANTA RITA DE CASSIA;A415;-11.00333333;-44.53638888;450.0;INMET_NE_BA_A415_SANTA RITA DE CASSIA_01-01-2023_A_31-12-2023.CSV
SE;SP;SAO PAULO - MIRANTE;A701;-23.49638888;-46.61999999;785.64;INMET_SE_SP_A701_SAO PAULO - MIRANTE_01-01-2023_A_31-12-2023.CSV
CO;MT;SAO FELIX  DO ARAGUAIA;A921;-11.61888888;-50.72777777;201.37;INMET_CO_MT_A921_SAO FELIX  DO ARAGUAIA_01-01-2023_A_31-12-2023.CSV
SE;ES;ALEGRE;A617;-20.75055555;-41.48888888;138.0;INMET_SE_ES_A617_ALEGRE_01-01-2023_A_31-12-2023.CSV
NE;BA;FORMOSA DO RIO PRETO;A452;-11.05222222;-45.20083333;488.0;INMET_NE_BA_A452_FORMOSA DO RIO PRETO_01-01-2023_A_31-12-2023.CSV
NE;BA;VALENCA;A444;-13.3436111;-39.12666666;93.12;INMET_NE_BA_A444_VALENCA_01-01-2023_A_31-12-2023.CSV
S;SC;ITUPORANGA;A863;-27.41833332;-49.64694444;479.79;INMET_S_SC_A863_ITUPORANGA_01-01-2023_A_31-12-2023.CSV
SE;SP;IGUAPE;A712;-24.67166666;-47.54583333;2.7;INMET_SE_SP_A712_IGUAPE_01-01-2023_A_31-12-2023.CSV
SE;MG;TIMOTEO;A511;-19.57388888;-42.62249999;493.42;INMET_SE_MG_A511_TIMOTEO_01-01-2023_A_31-12-2023.CSV
NE;CE;ACARAU;A360;-3.1211111;-40.08722221;67.15;INMET_NE_CE_A360_ACARAU_01-01-2023_A_31-12-2023.CSV
N;PA;CAPITAO POCO;A248;-1.73472221;-47.0575;79.1;INMET_N_PA_A248_CAPITAO POCO_01-01-2023_A_31-12-2023.CSV
NE;SE;ARACAJU;A409;-10.9525;-37.05444444;3.72;INMET_NE_SE_A409_ARACAJU_01-01-2023_A_31-12-2023.CSV
S;RS;JAGUARAO;A836;-32.53472221;-53.37583332;31.48;INMET_S_RS_A836_JAGUARAO_01-01-2023_A_31-12-2023.CSV
NE;BA;SERRINHA;A441;-11.66472222;-39.02305554;337.79;INMET_NE_BA_A441_SERRINHA_01-01-2023_A_31-12-2023.CSV
CO;MT;COTRIGUACU;A919;-9.90638888;-58.57222221;265.0;INMET_CO_MT_A919_COTRIGUACU_01-01-2023_A_31-12-2023.CSV
N;TO;RIO SONO;A050;-9.793363;-47.132732;291.0;INMET_N_TO_A050_RIO SONO_01-01-2023_A_31-12-2023.CSV
NE;BA;CONDE;A431;-12.03583333;-37.68388888;31.9;INMET_NE_BA_A431_CONDE_01-01-2023_A_31-12-2023.CSV
CO;MS;JUTI;A749;-22.85722222;-54.60555555;375.18;INMET_CO_MS_A749_JUTI_01-01-2023_A_31-12-2023.CSV
N;AC;PARQUE ESTADUAL CHANDLESS;A102;-9.35833333;-69.92638888;184.51;INMET_N_AC_A102_PARQUE ESTADUAL CHANDLESS_01-01-2023_A_31-12-2023.CSV
SE;MG;MANTENA;A540;-18.78062;-40.986505;254.91;INMET_SE_MG_A540_MANTENA_01-01-2023_A_31-12-2023.CSV
S;SC;XANXERE;A858;-26.938666;-52.39809;878.74;INMET_S_SC_A858_XANXERE_01-01-2023_A_31-12-2023.CSV
NE;PB;CAMPINA GRANDE;A313;-7.225574;-35.904831;546.17;INMET_NE_PB_A313_CAMPINA GRANDE_01-01-2023_A_31-12-2023.CSV
S;PR;COLOMBO;B806;-25.322464;-49.157733;950.0;INMET_S_PR_B806_COLOMBO_01-01-2023_A_31-12-2023.CSV
SE;RJ;ARRAIAL DO CABO;A606;-22.97527777;-42.02138888;5.0;INMET_SE_RJ_A606_ARRAIAL DO CABO_01-01-2023_A_31-12-2023.CSV
S;RS;CACAPAVA DO SUL;A812;-30.54527777;-53.46694443;420.82;INMET_S_RS_A812_CACAPAVA DO SUL_01-01-2023_A_31-12-2023.CSV
NE;MA;CAROLINA;A205;-7.33722221;-47.45972222;182.88;INMET_NE_MA_A205_CAROLINA_01-01-2023_A_31-12-2023.CSV
NE;MA;ESTREITO;A224;-6.65333333;-47.41833332;182.96;INMET_NE_MA_A224_ESTREITO_01-01-2023_A_31-12-2023.CSV
SE;SP;AVARE;A725;-23.10166666;-48.9411111;776.36;INMET_SE_SP_A725_AVARE_01-01-2023_A_31-12-2023.CSV
SE;MG;PIRAPORA;A545;-17.258064;-44.835556;505.32;INMET_SE_MG_A545_PIRAPORA_01-01-2023_A_31-12-2023.CSV
CO;MT;ALTA FLORESTA;A924;-10.07722221;-56.17916666;291.85;INMET_CO_MT_A924_ALTA FLORESTA_01-01-2023_A_31-12-2023.CSV
SE;SP;SAO MIGUEL ARCANJO;A715;-23.89083333;-47.99916666;710.0;INMET_SE_SP_A715_SAO MIGUEL ARCANJO_01-01-2023_A_31-12-2023.CSV
N;PA;XINGUARA;A247;-7.11055555;-49.9261111;245.0;INMET_N_PA_A247_XINGUARA_01-01-2023_A_31-12-2023.CSV
CO;GO;PARAUNA;A027;-16.9625;-50.42555554;678.74;INMET_CO_GO_A027_PARAUNA_01-01-2023_A_31-12-2023.CSV
NE;PB;CABACEIRAS;A348;-7.48333333;-36.28638888;391.96;INMET_NE_PB_A348_CABACEIRAS_01-01-2023_A_31-12-2023.CSV
SE;RJ;RIO DE JANEIRO - JACAREPAGUA;A636;-22.93999999;-43.40277777;20.0;INMET_SE_RJ_A636_RIO DE JANEIRO - JACAREPAGUA_01-01-2023_A_31-12-2023.CSV
SE;SP;JOSE BONIFACIO;A735;-21.08555555;-49.92027777;408.35;INMET_SE_SP_A735_JOSE BONIFACIO_01-01-2023_A_31-12-2023.CSV
SE;MG;TRES MARIAS;A528;-18.200855;-45.459836;931.01;INMET_SE_MG_A528_TRES MARIAS_01-01-2023_A_31-12-2023.CSV
S;SC;URUSSANGA;A814;-28.53249999;-49.31527777;40.56;INMET_S_SC_A814_URUSSANGA_01-01-2023_A_31-12-2023.CSV
N;AM;AUTAZES;A120;-3.58333333;-59.12944443;19.9;INMET_N_AM_A120_AUTAZES_01-01-2023_A_31-12-2023.CSV
S;RS;SANTIAGO;A833;-29.191599;-54.885653;390.03;INMET_S_RS_A833_SANTIAGO_01-01-2023_A_31-12-2023.CSV
NE;CE;BARBALHA;A315;-7.30083333;-39.2711111;409.41;INMET_NE_CE_A315_BARBALHA_01-01-2023_A_31-12-2023.CSV
NE;PI;GILBUES;A364;-9.87527777;-45.34583333;425.1;INMET_NE_PI_A364_GILBUES_01-01-2023_A_31-12-2023.CSV
NE;PE;FLORESTA;A351;-8.59888888;-38.58416666;327.42;INMET_NE_PE_A351_FLORESTA_01-01-2023_A_31-12-2023.CSV
NE;PI;CARACOL;A337;-9.28583333;-43.32444443;515.3;INMET_NE_PI_A337_CARACOL_01-01-2023_A_31-12-2023.CSV
S;RS;CAMPO BOM;A884;-29.674293;-51.064042;23.35;INMET_S_RS_A884_CAMPO BOM_01-01-2023_A_31-12-2023.CSV
S;SC;MAJOR VIEIRA;A864;-26.3936111;-50.36333333;799.58;INMET_S_SC_A864_MAJOR VIEIRA_01-01-2023_A_31-12-2023.CSV
NE;BA;JACOBINA;A440;-11.205;-40.465;440.78;INMET_NE_BA_A440_JACOBINA_01-01-2023_A_31-12-2023.CSV
N;AC;EPITACIOLANDIA;A140;-11.02388888;-68.73527777;224.5;INMET_N_AC_A140_EPITACIOLANDIA_01-01-2023_A_31-12-2023.CSV
N;TO;COLINAS DO TOCANTINS;A049;-8.092708;-48.478605;200.0;INMET_N_TO_A049_COLINAS DO TOCANTINS_01-01-2023_A_31-12-2023.CSV
CO;MS;TRES LAGOAS;A704;-20.79499999;-51.71333333;328.94;INMET_CO_MS_A704_TRES LAGOAS_01-01-2023_A_31-12-2023.CSV
NE;PI;PIRIPIRI;A335;-4.2761111;-41.79444444;157.89;INMET_NE_PI_A335_PIRIPIRI_01-01-2023_A_31-12-2023.CSV
NE;BA;EUCLIDES DA CUNHA;A442;-10.53722221;-38.99666666;431.96;INMET_NE_BA_A442_EUCLIDES DA CUNHA_01-01-2023_A_31-12-2023.CSV
N;TO;PARANA;A010;-12.615;-47.87194443;284.96;INMET_N_TO_A010_PARANA_01-01-2023_A_31-12-2023.CSV
SE;MG;PASSA QUATRO;A529;-22.39583333;-44.96194444;1017.1;INMET_SE_MG_A529_PASSA QUATRO_01-01-2023_A_31-12-2023.CSV
NE;RN;NATAL;A304;-5.83722221;-35.20805555;47.46;INMET_NE_RN_A304_NATAL_01-01-2023_A_31-12-2023.CSV
SE;MG;CURVELO;A538;-18.747711;-44.453785;669.48;INMET_SE_MG_A538_CURVELO_01-01-2023_A_31-12-2023.CSV
SE;MG;PASSOS;A516;-20.745237;-46.633916;781.7;INMET_SE_MG_A516_PASSOS_01-01-2023_A_31-12-2023.CSV
SE;MG;MACHADO;A567;-21.680722;-45.944389;969.0;INMET_SE_MG_A567_MACHADO_01-01-2023_A_31-12-2023.CSV
SE;MG;SETE LAGOAS;A569;-19.45527777;-44.17333332;719.0;INMET_SE_MG_A569_SETE LAGOAS_01-01-2023_A_31-12-2023.CSV
CO;GO;CRISTALINA;A036;-16.78499999;-47.61305555;1211.08;INMET_CO_GO_A036_CRISTALINA_01-01-2023_A_31-12-2023.CSV
NE;BA;FEIRA DE SANTANA;A413;-12.1961111;-38.96749999;229.64;INMET_NE_BA_A413_FEIRA DE SANTANA_01-01-2023_A_31-12-2023.CSV
SE;MG;BARBACENA;A502;-21.22833332;-43.76777777;1168.76;INMET_SE_MG_A502_BARBACENA_01-01-2023_A_31-12-2023.CSV
CO;MS;CAMPO GRANDE;A702;-20.447195;-54.722615;528.47;INMET_CO_MS_A702_CAMPO GRANDE_01-01-2023_A_31-12-2023.CSV
CO;DF;AGUAS EMENDADAS;A045;-15.596491;-47.625801;1030.36;INMET_CO_DF_A045_AGUAS EMENDADAS_01-01-2023_A_31-12-2023.CSV
NE;PB;PATOS;A321;-7.07972221;-37.27277777;263.66;INMET_NE_PB_A321_PATOS_01-01-2023_A_31-12-2023.CSV
S;RS;SAO GABRIEL;A832;-30.34138888;-54.31083333;114.89;INMET_S_RS_A832_SAO GABRIEL_01-01-2023_A_31-12-2023.CSV
S;RS;FREDERICO WESTPHALEN;A854;-27.39555555;-53.42944443;489.42;INMET_S_RS_A854_FREDERICO WESTPHALEN_01-01-2023_A_31-12-2023.CSV
SE;RJ;RIO DE JANEIRO - FORTE DE COPACABANA;A652;-22.98833333;-43.19055555;25.59;INMET_SE_RJ_A652_RIO DE JANEIRO - FORTE DE COPACABANA_01-01-2023_A_31-12-2023.CSV
N;PA;RONDON DO PARA;A214;-4.82749999;-48.1736111;203.0;INMET_N_PA_A214_RONDON DO PARA_01-01-2023_A_31-12-2023.CSV
N;AP;OIAPOQUE;A242;3.81361111;-51.8625;15.14;INMET_N_AP_A242_OIAPOQUE_01-01-2023_A_31-12-2023.CSV
NE;CE;ITAPIPOCA;A359;-3.48416666;-39.5886111;104.49;INMET_NE_CE_A359_ITAPIPOCA_01-01-2023_A_31-12-2023.CSV
CO;MT;CAMPO VERDE;A912;-15.55888888;-55.17944443;747.0;INMET_CO_MT_A912_CAMPO VERDE_01-01-2023_A_31-12-2023.CSV
SE;SP;BARUERI;A755;-23.52388888;-46.86944443;776.5;INMET_SE_SP_A755_BARUERI_01-01-2023_A_31-12-2023.CSV
SE;RJ;SILVA JARDIM;A659;-22.64583333;-42.41555555;19.0;INMET_SE_RJ_A659_SILVA JARDIM_01-01-2023_A_31-12-2023.CSV
SE;MG;SERRA DOS AIMORES;A522;-17.79888888;-40.25;211.97;INMET_SE_MG_A522_SERRA DOS AIMORES_01-01-2023_A_31-12-2023.CSV
NE;BA;BELMONTE;A447;-16.08805555;-39.21527777;89.67;INMET_NE_BA_A447_BELMONTE_01-01-2023_A_31-12-2023.CSV
CO;MT;SORRISO;A904;-12.555;-55.72277777;379.31;INMET_CO_MT_A904_SORRISO_01-01-2023_A_31-12-2023.CSV
NE;BA;VITORIA DA CONQUISTA;A414;-14.88638888;-40.80138888;879.38;INMET_NE_BA_A414_VITORIA DA CONQUISTA_01-01-2023_A_31-12-2023.CSV
S;SC;ITAJAI;A868;-26.95083333;-48.76194444;9.76;INMET_S_SC_A868_ITAJAI_01-01-2023_A_31-12-2023.CSV
NE;PI;ANGICAL DO PIAUI;A377;-6.08944444;-42.72749999;183.0;INMET_NE_PI_A377_ANGICAL DO PIAUI_01-01-2023_A_31-12-2023.CSV
S;RS;BENTO GONCALVES;A840;-29.164581;-51.534202;623.27;INMET_S_RS_A840_BENTO GONCALVES_01-01-2023_A_31-12-2023.CSV
SE;SP;CASA BRANCA;A738;-21.78055554;-47.07527777;734.15;INMET_SE_SP_A738_CASA BRANCA_01-01-2023_A_31-12-2023.CSV
S;PR;JAPIRA;A871;-23.77333332;-50.18055554;692.88;INMET_S_PR_A871_JAPIRA_01-01-2023_A_31-12-2023.CSV
SE;MG;BURITIS;A544;-15.52416666;-46.43555555;894.0;INMET_SE_MG_A544_BURITIS_01-01-2023_A_31-12-2023.CSV
SE;SP;REGISTRO;A766;-24.53305554;-47.86416666;35.0;INMET_SE_SP_A766_REGISTRO_01-01-2023_A_31-12-2023.CSV
CO;GO;SAO SIMAO;A011;-18.969142;-50.633449;492.45;INMET_CO_GO_A011_SAO SIMAO_01-01-2023_A_31-12-2023.CSV
CO;GO;CAIAPONIA;A023;-16.96694443;-51.81749999;740.1;INMET_CO_GO_A023_CAIAPONIA_01-01-2023_A_31-12-2023.CSV
SE;MG;FLORESTAL;A535;-19.88527777;-44.41694443;753.5;INMET_SE_MG_A535_FLORESTAL_01-01-2023_A_31-12-2023.CSV
CO;MT;SANTO ANTONIO DO LESTE;A931;-14.92499999;-53.88444444;662.0;INMET_CO_MT_A931_SANTO ANTONIO DO LESTE_01-01-2023_A_31-12-2023.CSV
N;AM;BOCA DO ACRE;A110;-8.77666666;-67.33249999;111.98;INMET_N_AM_A110_BOCA DO ACRE_01-01-2023_A_31-12-2023.CSV
S;RS;SAO VICENTE DO SUL;A889;-29.70222222;-54.69444444;134.0;INMET_S_RS_A889_SAO VICENTE DO SUL_01-01-2023_A_31-12-2023.CSV
SE;MG;FORMIGA;A524;-20.455;-45.45388888;878.14;INMET_SE_MG_A524_FORMIGA_01-01-2023_A_31-12-2023.CSV
NE;MA;IMPERATRIZ;A225;-5.55583333;-47.45972222;117.96;INMET_NE_MA_A225_IMPERATRIZ_01-01-2023_A_31-12-2023.CSV
NE;MA;PREGUICAS;A218;-2.59222221;-42.7075;4.62;INMET_NE_MA_A218_PREGUICAS_01-01-2023_A_31-12-2023.CSV
CO;MT;ITIQUIRA;A933;-17.17499999;-54.50166666;593.12;INMET_CO_MT_A933_ITIQUIRA_01-01-2023_A_31-12-2023.CSV
SE;RJ;RIO DE JANEIRO-MARAMBAIA;A602;-23.05027777;-43.59555555;12.0;INMET_SE_RJ_A602_RIO DE JANEIRO-MARAMBAIA_01-01-2023_A_31-12-2023.CSV
SE;MG;SAO ROMAO;A547;-16.36277777;-45.12388888;490.29;INMET_SE_MG_A547_SAO ROMAO_01-01-2023_A_31-12-2023.CSV
CO;MT;GAUCHA DO NORTE;A930;-13.18472221;-53.2575;375.87;INMET_CO_MT_A930_GAUCHA DO NORTE_01-01-2023_A_31-12-2023.CSV
NE;PI;CAMPO MAIOR;A376;-4.86416666;-42.14555555;125.0;INMET_NE_PI_A376_CAMPO MAIOR_01-01-2023_A_31-12-2023.CSV
NE;BA;SALVADOR;A401;-13.005515;-38.50576;47.56;INMET_NE_BA_A401_SALVADOR_01-01-2023_A_31-12-2023.CSV
SE;RJ;Paty do Alferes - Avelar;A637;-22.34722221;-43.41777777;508.0;INMET_SE_RJ_A637_Paty do Alferes - Avelar_01-01-2023_A_31-12-2023.CSV
CO;MS;COXIM;A720;-18.51222222;-54.7361111;251.48;INMET_CO_MS_A720_COXIM_01-01-2023_A_31-12-2023.CSV
SE;RJ;RIO DE JANEIRO - VILA MILITAR;A621;-22.86138888;-43.41138888;30.43;INMET_SE_RJ_A621_RIO DE JANEIRO - VILA MILITAR_01-01-2023_A_31-12-2023.CSV
SE;MG;CAPELINHA;A541;-17.70555555;-42.38916666;932.06;INMET_SE_MG_A541_CAPELINHA_01-01-2023_A_31-12-2023.CSV
NE;CE;TAUA;A324;-6.01749999;-40.28138888;410.87;INMET_NE_CE_A324_TAUA_01-01-2023_A_31-12-2023.CSV
NE;PI;VALENCA DO PIAUI;A363;-6.4236111;-41.74888888;372.0;INMET_NE_PI_A363_VALENCA DO PIAUI_01-01-2023_A_31-12-2023.CSV
N;PA;PLACAS;A211;-3.86416666;-54.21638888;100.45;INMET_N_PA_A211_PLACAS_01-01-2023_A_31-12-2023.CSV
NE;PE;SURUBIM;A328;-7.83972221;-35.80111111;421.44;INMET_NE_PE_A328_SURUBIM_01-01-2023_A_31-12-2023.CSV
NE;BA;JEREMOABO;A450;-10.08083332;-38.34583333;261.0;INMET_NE_BA_A450_JEREMOABO_01-01-2023_A_31-12-2023.CSV
NE;BA;CARAVELAS;A405;-17.73944444;-39.25861111;6.05;INMET_NE_BA_A405_CARAVELAS_01-01-2023_A_31-12-2023.CSV
NE;BA;PIATA;A430;-13.155681;-41.774125;1283.95;INMET_NE_BA_A430_PIATA_01-01-2023_A_31-12-2023.CSV
SE;MG;MOCAMBINHO;A539;-15.08583333;-44.01611111;454.0;INMET_SE_MG_A539_MOCAMBINHO_01-01-2023_A_31-12-2023.CSV
S;PR;MARINGA;A835;-23.40527777;-51.93277777;548.51;INMET_S_PR_A835_MARINGA_01-01-2023_A_31-12-2023.CSV
NE;PE;CABROBO;A329;-8.50388888;-39.31527777;342.74;INMET_NE_PE_A329_CABROBO_01-01-2023_A_31-12-2023.CSV
S;PR;GENERAL CARNEIRO;A875;-26.3986111;-51.35361111;1009.01;INMET_S_PR_A875_GENERAL CARNEIRO_01-01-2023_A_31-12-2023.CSV
CO;MT;PORTO ESTRELA;A935;-15.32472221;-57.22583332;147.75;INMET_CO_MT_A935_PORTO ESTRELA_01-01-2023_A_31-12-2023.CSV
SE;MG;CAMPINA VERDE;A519;-19.53921;-49.518133;559.07;INMET_SE_MG_A519_CAMPINA VERDE_01-01-2023_A_31-12-2023.CSV
CO;MS;PORTO MURTINHO;A723;-21.70583333;-57.88666666;78.56;INMET_CO_MS_A723_PORTO MURTINHO_01-01-2023_A_31-12-2023.CSV
SE;MG;VICOSA;A510;-20.762607;-42.864013;697.64;INMET_SE_MG_A510_VICOSA_01-01-2023_A_31-12-2023.CSV
CO;MT;ALTO TAQUARI;A934;-17.8411111;-53.28944444;862.42;INMET_CO_MT_A934_ALTO TAQUARI_01-01-2023_A_31-12-2023.CSV
S;RS;ALEGRETE;A826;-29.70916666;-55.52555554;120.88;INMET_S_RS_A826_ALEGRETE_01-01-2023_A_31-12-2023.CSV
NE;BA;BURITIRAMA;A432;-10.72305554;-43.65111111;506.06;INMET_NE_BA_A432_BURITIRAMA_01-01-2023_A_31-12-2023.CSV
N;TO;SANTA FE DO ARAGUAIA;A048;-7.124191;-48.781267;171.0;INMET_N_TO_A048_SANTA FE DO ARAGUAIA_01-01-2023_A_31-12-2023.CSV
S;SC;ITAPOA;A851;-26.08138888;-48.64166666;6.18;INMET_S_SC_A851_ITAPOA_01-01-2023_A_31-12-2023.CSV
NE;PI;URUCUI;A346;-7.44138888;-44.34499999;398.83;INMET_NE_PI_A346_URUCUI_01-01-2023_A_31-12-2023.CSV
S;SC;BOM JARDIM DA SERRA - MORRO DA IGREJA;A845;-28.12694443;-49.47972221;1790.38;INMET_S_SC_A845_BOM JARDIM DA SERRA - MORRO DA IGREJA_01-01-2023_A_31-12-2023.CSV
S;RS;CAMAQUA;A838;-30.807953;-51.83424;92.3;INMET_S_RS_A838_CAMAQUA_01-01-2023_A_31-12-2023.CSV
SE;SP;OURINHOS;A716;-23.00055555;-49.84333333;500.0;INMET_SE_SP_A716_OURINHOS_01-01-2023_A_31-12-2023.CSV
NE;BA;DELFINO;A443;-10.455;-41.20694444;646.24;INMET_NE_BA_A443_DELFINO_01-01-2023_A_31-12-2023.CSV
CO;MT;NOVA MARINGA;A928;-13.0386111;-57.09222221;334.36;INMET_CO_MT_A928_NOVA MARINGA_01-01-2023_A_31-12-2023.CSV
N;AM;MAUES;A122;-3.39888888;-57.67388888;25.49;INMET_N_AM_A122_MAUES_01-01-2023_A_31-12-2023.CSV
CO;MS;SIDROLANDIA;A754;-20.98166666;-54.97194443;471.43;INMET_CO_MS_A754_SIDROLANDIA_01-01-2023_A_31-12-2023.CSV
NE;PE;SALGUEIRO;A370;-8.05805555;-39.0961111;447.0;INMET_NE_PE_A370_SALGUEIRO_01-01-2023_A_31-12-2023.CSV
SE;MG;JANUARIA;A559;-15.44805555;-44.36638888;468.0;INMET_SE_MG_A559_JANUARIA_01-01-2023_A_31-12-2023.CSV
CO;DF;BRAZLANDIA;A042;-15.59972221;-48.1311111;1143.0;INMET_CO_DF_A042_BRAZLANDIA_01-01-2023_A_31-12-2023.CSV
CO;GO;GOIAS;A014;-15.93972221;-50.14138888;512.86;INMET_CO_GO_A014_GOIAS_01-01-2023_A_31-12-2023.CSV
N;TO;MATEIROS;A040;-10.43444444;-45.92194443;791.0;INMET_N_TO_A040_MATEIROS_01-01-2023_A_31-12-2023.CSV
N;PA;PARAGOMINAS;A212;-2.90055555;-47.49499999;88.0;INMET_N_PA_A212_PARAGOMINAS_01-01-2023_A_31-12-2023.CSV
N;PA;CASTANHAL;A202;-1.30083333;-47.94805555;47.13;INMET_N_PA_A202_CASTANHAL_01-01-2023_A_31-12-2023.CSV
NE;PB;MONTEIRO;A334;-7.89444444;-37.12472221;606.39;INMET_NE_PB_A334_MONTEIRO_01-01-2023_A_31-12-2023.CSV
N;TO;CAMPOS LINDOS;A043;-8.15472222;-46.63944444;426.56;INMET_N_TO_A043_CAMPOS LINDOS_01-01-2023_A_31-12-2023.CSV
N;PA;OBIDOS;A232;-1.88083332;-55.51972221;89.64;INMET_N_PA_A232_OBIDOS_01-01-2023_A_31-12-2023.CSV
S;SC;CACADOR;A859;-26.819156;-50.98552;944.26;INMET_S_SC_A859_CACADOR_01-01-2023_A_31-12-2023.CSV
CO;GO;RIO VERDE;A025;-17.78527777;-50.965;780.11;INMET_CO_GO_A025_RIO VERDE_01-01-2023_A_31-12-2023.CSV
NE;PE;PETROLINA;A307;-9.38833333;-40.52333332;372.72;INMET_NE_PE_A307_PETROLINA_01-01-2023_A_31-12-2023.CSV
CO;MS;CORUMBA;A724;-18.99666666;-57.63749999;111.73;INMET_CO_MS_A724_CORUMBA_01-01-2023_A_31-12-2023.CSV
NE;CE;SOBRAL;A306;-3.74805555;-40.34583333;92.07;INMET_NE_CE_A306_SOBRAL_01-01-2023_A_31-12-2023.CSV
NE;AL;PIRANHAS;A371;-9.62222221;-37.76722221;187.0;INMET_NE_AL_A371_PIRANHAS_01-01-2023_A_31-12-2023.CSV
SE;MG;DORES DO INDAIA;A536;-19.48194443;-45.59388888;721.09;INMET_SE_MG_A536_DORES DO INDAIA_01-01-2023_A_31-12-2023.CSV
SE;SP;RANCHARIA;A718;-22.37277777;-50.97472221;398.75;INMET_SE_SP_A718_RANCHARIA_01-01-2023_A_31-12-2023.CSV
S;RS;TEUTONIA;A882;-29.44916666;-51.82333332;81.0;INMET_S_RS_A882_TEUTONIA_01-01-2023_A_31-12-2023.CSV
SE;MG;OLIVEIRA;A570;-20.715;-44.86444444;1025.0;INMET_SE_MG_A570_OLIVEIRA_01-01-2023_A_31-12-2023.CSV
N;RO;ARIQUEMES;A940;-9.94888888;-62.96194444;128.44;INMET_N_RO_A940_ARIQUEMES_01-01-2023_A_31-12-2023.CSV
SE;MG;DIVINOPOLIS;A564;-20.17333332;-44.87499999;796.0;INMET_SE_MG_A564_DIVINOPOLIS_01-01-2023_A_31-12-2023.CSV
N;TO;PIUM;A051;-10.47694443;-49.62944443;161.0;INMET_N_TO_A051_PIUM_01-01-2023_A_31-12-2023.CSV
N;AM;APUI;A113;-7.20555555;-59.8886111;156.97;INMET_N_AM_A113_APUI_01-01-2023_A_31-12-2023.CSV
NE;PI;SAO JOAO DO PIAUI;A331;-8.36444444;-42.2525;231.0;INMET_NE_PI_A331_SAO JOAO DO PIAUI_01-01-2023_A_31-12-2023.CSV
S;RS;SOLEDADE;A837;-28.859211;-52.542387;660.44;INMET_S_RS_A837_SOLEDADE_01-01-2023_A_31-12-2023.CSV
N;PA;DOM ELISEU;A252;-4.28055554;-47.56388888;251.0;INMET_N_PA_A252_DOM ELISEU_01-01-2023_A_31-12-2023.CSV
SE;MG;IBIRITE (ROLA MOCA);A555;-20.03138888;-44.01111111;1198.82;INMET_SE_MG_A555_IBIRITE (ROLA MOCA)_01-01-2023_A_31-12-2023.CSV
SE;ES;VILA VELHA;A634;-20.46694443;-40.40388888;25.0;INMET_SE_ES_A634_VILA VELHA_01-01-2023_A_31-12-2023.CSV
NE;CE;FORTALEZA;A305;-3.81583333;-38.53777777;29.55;INMET_NE_CE_A305_FORTALEZA_01-01-2023_A_31-12-2023.CSV
NE;MA;ALTO PARNAIBA;A223;-9.10833333;-45.93194443;283.69;INMET_NE_MA_A223_ALTO PARNAIBA_01-01-2023_A_31-12-2023.CSV
SE;MG;ARACUAI;A566;-16.84888888;-42.03527777;308.0;INMET_SE_MG_A566_ARACUAI_01-01-2023_A_31-12-2023.CSV
NE;BA;IRECE;A424;-11.328998;-41.864504;768.42;INMET_NE_BA_A424_IRECE_01-01-2023_A_31-12-2023.CSV
CO;MS;PARANAIBA;A710;-19.69555555;-51.18166666;408.06;INMET_CO_MS_A710_PARANAIBA_01-01-2023_A_31-12-2023.CSV
SE;RJ;TRES RIOS;A625;-22.09833333;-43.20833333;295.0;INMET_SE_RJ_A625_TRES RIOS_01-01-2023_A_31-12-2023.CSV
NE;BA;BARRA;A429;-11.08472221;-43.13888888;407.5;INMET_NE_BA_A429_BARRA_01-01-2023_A_31-12-2023.CSV
S;SC;RIO DO CAMPO;A861;-26.93749999;-50.14555555;591.67;INMET_S_SC_A861_RIO DO CAMPO_01-01-2023_A_31-12-2023.CSV
NE;MA;COLINAS;A222;-6.03305554;-44.23333333;175.37;INMET_NE_MA_A222_COLINAS_01-01-2023_A_31-12-2023.CSV
N;AM;NOVO ARIPUANA;A144;-8.0911111;-60.38055554;45.0;INMET_N_AM_A144_NOVO ARIPUANA_01-01-2023_A_31-12-2023.CSV
N;TO;MARIANOPOLIS DO TO;A041;-9.57638888;-49.72333332;186.69;INMET_N_TO_A041_MARIANOPOLIS DO TO_01-01-2023_A_31-12-2023.CSV
NE;AL;PALMEIRA DOS INDIOS;A327;-9.42027777;-36.62027777;278.01;INMET_NE_AL_A327_PALMEIRA DOS INDIOS_01-01-2023_A_31-12-2023.CSV
CO;GO;ITUMBIARA;A035;-18.40972222;-49.19194444;491.17;INMET_CO_GO_A035_ITUMBIARA_01-01-2023_A_31-12-2023.CSV
NE;BA;IPIAU;A445;-14.17138888;-39.69249999;132.11;INMET_NE_BA_A445_IPIAU_01-01-2023_A_31-12-2023.CSV
NE;MA;ZE DOCA;A255;-3.26916666;-45.65111111;45.5;INMET_NE_MA_A255_ZE DOCA_01-01-2023_A_31-12-2023.CSV
NE;BA;BOM JESUS DA LAPA;A418;-13.25111111;-43.40527777;447.75;INMET_NE_BA_A418_BOM JESUS DA LAPA_01-01-2023_A_31-12-2023.CSV
SE;ES;SANTA TERESA;A613;-19.98833333;-40.57944443;975.92;INMET_SE_ES_A613_SANTA TERESA_01-01-2023_A_31-12-2023.CSV
N;AM;MANICORE;A133;-5.7886111;-61.28833333;40.64;INMET_N_AM_A133_MANICORE_01-01-2023_A_31-12-2023.CSV
SE;SP;PRADOPOLIS;A747;-21.33833333;-48.11388888;540.41;INMET_SE_SP_A747_PRADOPOLIS_01-01-2023_A_31-12-2023.CSV
S;RS;CANGUCU;A811;-31.40333333;-52.70083333;446.81;INMET_S_RS_A811_CANGUCU_01-01-2023_A_31-12-2023.CSV
SE;SP;VALPARAISO;A734;-21.31916666;-50.93027777;381.9;INMET_SE_SP_A734_VALPARAISO_01-01-2023_A_31-12-2023.CSV
N;TO;PEDRO AFONSO;A020;-8.9686111;-48.17722221;189.71;INMET_N_TO_A020_PEDRO AFONSO_01-01-2023_A_31-12-2023.CSV
SE;RJ;NITEROI;A627;-22.86749999;-43.10194444;6.0;INMET_SE_RJ_A627_NITEROI_01-01-2023_A_31-12-2023.CSV
SE;SP;SAO SIMAO;A770;-21.46111111;-47.57944443;620.0;INMET_SE_SP_A770_SAO SIMAO_01-01-2023_A_31-12-2023.CSV
NE;AL;MACEIO;A303;-9.55111111;-35.77027777;84.12;INMET_NE_AL_A303_MACEIO_01-01-2023_A_31-12-2023.CSV
SE;MG;PATROCINIO;A523;-18.996684;-46.985935;978.11;INMET_SE_MG_A523_PATROCINIO_01-01-2023_A_31-12-2023.CSV
S;SC;CURITIBANOS;A860;-27.2886111;-50.60416666;978.1;INMET_S_SC_A860_CURITIBANOS_01-01-2023_A_31-12-2023.CSV
CO;MS;ITAQUIRAI;A752;-23.44944444;-54.18194443;337.82;INMET_CO_MS_A752_ITAQUIRAI_01-01-2023_A_31-12-2023.CSV
S;SC;SAO JOAQUIM;A815;-28.27555554;-49.93472221;1400.06;INMET_S_SC_A815_SAO JOAQUIM_01-01-2023_A_31-12-2023.CSV
SE;ES;ECOPORANGA;A631;-18.29138888;-40.73638888;224.0;INMET_SE_ES_A631_ECOPORANGA_01-01-2023_A_31-12-2023.CSV
CO;GO;MORRINHOS;A003;-17.745066;-49.101698;751.09;INMET_CO_GO_A003_MORRINHOS_01-01-2023_A_31-12-2023.CSV
N;TO;LAGOA DA CONFUSAO;A055;-10.828286;-49.847882;178.0;INMET_N_TO_A055_LAGOA DA CONFUSAO_01-01-2023_A_31-12-2023.CSV
SE;SP;TUPA;A768;-21.927251;-50.490251;498.0;INMET_SE_SP_A768_TUPA_01-01-2023_A_31-12-2023.CSV
S;RS;CAMBARA DO SUL;A897;-29.04916666;-50.14972221;1017.0;INMET_S_RS_A897_CAMBARA DO SUL_01-01-2023_A_31-12-2023.CSV
NE;SE;ITABAIANA;A451;-10.67166666;-37.47138888;213.0;INMET_NE_SE_A451_ITABAIANA_01-01-2023_A_31-12-2023.CSV
CO;MT;GUIRATINGA;A932;-16.34166666;-53.76611111;525.43;INMET_CO_MT_A932_GUIRATINGA_01-01-2023_A_31-12-2023.CSV
N;AM;COARI;A117;-4.09749999;-63.14527777;33.84;INMET_N_AM_A117_COARI_01-01-2023_A_31-12-2023.CSV
S;RS;SANTA ROSA;A810;-27.89055555;-54.47999999;272.84;INMET_S_RS_A810_SANTA ROSA_01-01-2023_A_31-12-2023.CSV
S;RS;RIO PARDO;A813;-29.87222221;-52.38194443;106.99;INMET_S_RS_A813_RIO PARDO_01-01-2023_A_31-12-2023.CSV
SE;MG;MARIA DA FE;A531;-22.31444444;-45.37305554;1281.43;INMET_SE_MG_A531_MARIA DA FE_01-01-2023_A_31-12-2023.CSV
S;RS;PASSO FUNDO;A839;-28.226805;-52.403582;680.67;INMET_S_RS_A839_PASSO FUNDO_01-01-2023_A_31-12-2023.CSV
NE;PB;JOAO PESSOA;A320;-7.16527777;-34.81555555;33.5;INMET_NE_PB_A320_JOAO PESSOA_01-01-2023_A_31-12-2023.CSV
N;RO;CACOAL;A939;-11.44583333;-61.43416666;183.53;INMET_N_RO_A939_CACOAL_01-01-2023_A_31-12-2023.CSV
N;AM;URUCARA;A124;-2.53472221;-57.75805555;18.49;INMET_N_AM_A124_URUCARA_01-01-2023_A_31-12-2023.CSV
SE;RJ;RIO CLARO;A626;-22.653579;-44.040916;516.0;INMET_SE_RJ_A626_RIO CLARO_01-01-2023_A_31-12-2023.CSV
N;PA;SANTANA DO ARAGUAIA;A233;-9.34055555;-50.35027777;154.0;INMET_N_PA_A233_SANTANA DO ARAGUAIA_01-01-2023_A_31-12-2023.CSV
SE;MG;SAO SEBASTIAO DO PARAISO;A561;-20.91;-47.11416666;845.0;INMET_SE_MG_A561_SAO SEBASTIAO DO PARAISO_01-01-2023_A_31-12-2023.CSV
N;PA;SALINOPOLIS;A215;-0.61888888;-47.35666666;23.18;INMET_N_PA_A215_SALINOPOLIS_01-01-2023_A_31-12-2023.CSV
CO;MT;SAO JOSE DO XINGU;A942;-10.48416666;-52.37249999;300.0;INMET_CO_MT_A942_SAO JOSE DO XINGU_01-01-2023_A_31-12-2023.CSV
N;AM;RIO URUBU;A125;-2.6336111;-59.60055555;112.84;INMET_N_AM_A125_RIO URUBU_01-01-2023_A_31-12-2023.CSV
SE;SP;CACHOEIRA PAULISTA;A769;-22.68888888;-45.00555555;586.0;INMET_SE_SP_A769_CACHOEIRA PAULISTA_01-01-2023_A_31-12-2023.CSV
SE;MG;ITAOBIM;A550;-16.57555554;-41.48555555;271.63;INMET_SE_MG_A550_ITAOBIM_01-01-2023_A_31-12-2023.CSV
CO;MS;CHAPADAO DO SUL;A730;-18.80222222;-52.6025;820.82;INMET_CO_MS_A730_CHAPADAO DO SUL_01-01-2023_A_31-12-2023.CSV
NE;BA;LUIZ EDUARDO MAGALHAES;A404;-12.1525;-45.82972221;760.68;INMET_NE_BA_A404_LUIZ EDUARDO MAGALHAES_01-01-2023_A_31-12-2023.CSV
S;PR;NOVA TEBAS;A822;-24.43388888;-51.95388888;660.0;INMET_S_PR_A822_NOVA TEBAS_01-01-2023_A_31-12-2023.CSV
N;PA;SAO FELIX DO XINGU;A216;-6.63972221;-51.95694444;211.0;INMET_N_PA_A216_SAO FELIX DO XINGU_01-01-2023_A_31-12-2023.CSV
NE;RN;IPANGUACU;A372;-5.53499999;-36.87222221;19.0;INMET_NE_RN_A372_IPANGUACU_01-01-2023_A_31-12-2023.CSV
SE;MG;ITUIUTABA;A512;-18.95277777;-49.52499999;540.08;INMET_SE_MG_A512_ITUIUTABA_01-01-2023_A_31-12-2023.CSV
NE;BA;IBOTIRAMA;A439;-12.19305555;-43.21333333;425.12;INMET_NE_BA_A439_IBOTIRAMA_01-01-2023_A_31-12-2023.CSV
N;PA;PACAJA;A210;-3.8436111;-50.63805555;89.02;INMET_N_PA_A210_PACAJA_01-01-2023_A_31-12-2023.CSV
NE;BA;BRUMADO;A433;-14.18194443;-41.67222221;473.37;INMET_NE_BA_A433_BRUMADO_01-01-2023_A_31-12-2023.CSV
N;AM;BARCELOS;A128;-0.98722221;-62.92416666;29.88;INMET_N_AM_A128_BARCELOS_01-01-2023_A_31-12-2023.CSV
N;TO;PALMAS;A009;-10.14777777;-48.31444444;267.0;INMET_N_TO_A009_PALMAS_01-01-2023_A_31-12-2023.CSV
NE;BA;ITIRUCU;A407;-13.52777777;-40.11972221;757.42;INMET_NE_BA_A407_ITIRUCU_01-01-2023_A_31-12-2023.CSV
NE;BA;ITAMARAJU;A455;-17.00694444;-39.55805555;110.0;INMET_NE_BA_A455_ITAMARAJU_01-01-2023_A_31-12-2023.CSV
S;SC;NOVO HORIZONTE;A816;-26.40638888;-52.85027777;943.57;INMET_S_SC_A816_NOVO HORIZONTE_01-01-2023_A_31-12-2023.CSV
SE;SP;PIRACICABA;A726;-22.70305555;-47.62333332;566.46;INMET_SE_SP_A726_PIRACICABA_01-01-2023_A_31-12-2023.CSV
S;RS;CANELA;A879;-29.36888888;-50.82722221;830.93;INMET_S_RS_A879_CANELA_01-01-2023_A_31-12-2023.CSV
NE;PB;AREIA;A310;-6.975451;-35.718128;573.45;INMET_NE_PB_A310_AREIA_01-01-2023_A_31-12-2023.CSV
SE;SP;BRAGANCA PAULISTA;A744;-22.94916666;-46.5261111;880.0;INMET_SE_SP_A744_BRAGANCA PAULISTA_01-01-2023_A_31-12-2023.CSV
N;AP;ITAUBAL;A251;0.56777777;-50.8236111;21.0;INMET_N_AP_A251_ITAUBAL_01-01-2023_A_31-12-2023.CSV
NE;BA;MACAJUBA;A412;-12.13166666;-40.35416666;360.0;INMET_NE_BA_A412_MACAJUBA_01-01-2023_A_31-12-2023.CSV
NE;CE;CRATEUS;A342;-5.18666666;-40.67222221;298.19;INMET_NE_CE_A342_CRATEUS_01-01-2023_A_31-12-2023.CSV
NE;CE;QUIXADA;A369;-4.97888888;-39.05722222;193.0;INMET_NE_CE_A369_QUIXADA_01-01-2023_A_31-12-2023.CSV
NE;MA;BACABAL;A220;-4.24305555;-44.79499999;22.33;INMET_NE_MA_A220_BACABAL_01-01-2023_A_31-12-2023.CSV
CO;GO;MONTE ALEGRE DE GOIAS;A032;-13.25361111;-46.89027777;552.0;INMET_CO_GO_A032_MONTE ALEGRE DE GOIAS_01-01-2023_A_31-12-2023.CSV
NE;PB;ITAPORANGA;A373;-7.31833332;-38.14083333;292.0;INMET_NE_PB_A373_ITAPORANGA_01-01-2023_A_31-12-2023.CSV
NE;BA;UNA;A437;-15.28027777;-39.09138888;74.08;INMET_NE_BA_A437_UNA_01-01-2023_A_31-12-2023.CSV
S;SC;Laguna  - Farol de Santa Marta;A866;-28.60444444;-48.81333333;34.36;INMET_S_SC_A866_Laguna  - Farol de Santa Marta_01-01-2023_A_31-12-2023.CSV
SE;MG;MONTALVANIA;A526;-14.40833333;-44.40416666;519.52;INMET_SE_MG_A526_MONTALVANIA_01-01-2023_A_31-12-2023.CSV
CO;MT;CARLINDA;A926;-9.97055554;-55.82749999;293.71;INMET_CO_MT_A926_CARLINDA_01-01-2023_A_31-12-2023.CSV
SE;SP;JALES;A733;-20.165;-50.59499999;460.44;INMET_SE_SP_A733_JALES_01-01-2023_A_31-12-2023.CSV
N;PA;SOURE;A227;-0.72777777;-48.51583333;12.54;INMET_N_PA_A227_SOURE_01-01-2023_A_31-12-2023.CSV
SE;MG;BELO HORIZONTE (PAMPULHA);A521;-19.88388888;-43.96944443;854.02;INMET_SE_MG_A521_BELO HORIZONTE (PAMPULHA)_01-01-2023_A_31-12-2023.CSV
NE;PI;PICOS;A343;-7.0711111;-41.40416666;232.91;INMET_NE_PI_A343_PICOS_01-01-2023_A_31-12-2023.CSV
SE;MG;CARATINGA;A554;-19.73583333;-42.13722221;609.25;INMET_SE_MG_A554_CARATINGA_01-01-2023_A_31-12-2023.CSV
S;RS;TORRES;A808;-29.35027777;-49.73333333;8.44;INMET_S_RS_A808_TORRES_01-01-2023_A_31-12-2023.CSV
CO;MT;CUIABA;A901;-15.559295;-56.062951;241.56;INMET_CO_MT_A901_CUIABA_01-01-2023_A_31-12-2023.CSV
SE;RJ;ANGRA DOS REIS;A628;-22.97555554;-44.30333333;6.0;INMET_SE_RJ_A628_ANGRA DOS REIS_01-01-2023_A_31-12-2023.CSV
S;SC;SAO MIGUEL DO OESTE;A857;-26.78638888;-53.51416666;647.0;INMET_S_SC_A857_SAO MIGUEL DO OESTE_01-01-2023_A_31-12-2023.CSV
SE;SP;BARRA BONITA;A741;-22.4711111;-48.5575;533.68;INMET_SE_SP_A741_BARRA BONITA_01-01-2023_A_31-12-2023.CSV
N;AP;PORTO GRANDE;A244;0.69416666;-51.40388888;84.8;INMET_N_AP_A244_PORTO GRANDE_01-01-2023_A_31-12-2023.CSV
CO;GO;JATAI;A016;-17.9236111;-51.71749999;670.08;INMET_CO_GO_A016_JATAI_01-01-2023_A_31-12-2023.CSV
SE;RJ;VALENCA;A611;-22.35805555;-43.69555555;370.0;INMET_SE_RJ_A611_VALENCA_01-01-2023_A_31-12-2023.CSV
NE;BA;ILHEUS;A410;-14.65888888;-39.18138888;80.21;INMET_NE_BA_A410_ILHEUS_01-01-2023_A_31-12-2023.CSV
CO;MT;VILA BELA DA SANTISSIMA TRINDADE;A922;-15.06277777;-59.87305554;213.0;INMET_CO_MT_A922_VILA BELA DA SANTISSIMA TRINDADE_01-01-2023_A_31-12-2023.CSV
S;PR;DIAMANTE DO NORTE;A849;-22.63944444;-52.89027777;368.22;INMET_S_PR_A849_DIAMANTE DO NORTE_01-01-2023_A_31-12-2023.CSV
S;PR;PLANALTO;A855;-25.72194443;-53.74805555;399.1;INMET_S_PR_A855_PLANALTO_01-01-2023_A_31-12-2023.CSV
NE;BA;BARREIRAS;A402;-12.12472221;-45.02694443;474.17;INMET_NE_BA_A402_BARREIRAS_01-01-2023_A_31-12-2023.CSV
CO;GO;ARAGARCAS;A013;-15.90277777;-52.24527777;327.35;INMET_CO_GO_A013_ARAGARCAS_01-01-2023_A_31-12-2023.CSV
SE;SP;TAUBATE;A728;-23.04166666;-45.52083332;582.26;INMET_SE_SP_A728_TAUBATE_01-01-2023_A_31-12-2023.CSV
SE;RJ;RESENDE;A609;-22.45138888;-44.44499999;438.83;INMET_SE_RJ_A609_RESENDE_01-01-2023_A_31-12-2023.CSV
NE;BA;MARAU;A438;-13.90694444;-38.97222221;6.24;INMET_NE_BA_A438_MARAU_01-01-2023_A_31-12-2023.CSV
NE;MA;CAXIAS;A237;-4.82138888;-43.3436111;84.85;INMET_NE_MA_A237_CAXIAS_01-01-2023_A_31-12-2023.CSV
NE;RN;SANTA CRUZ;A367;-6.22805554;-36.02666666;227.49;INMET_NE_RN_A367_SANTA CRUZ_01-01-2023_A_31-12-2023.CSV
N;AC;RIO BRANCO;A104;-9.67972221;-68.16527777;163.0;INMET_N_AC_A104_RIO BRANCO_01-01-2023_A_31-12-2023.CSV
SE;SP;SAO CARLOS;A711;-21.980353;-47.883927;859.29;INMET_SE_SP_A711_SAO CARLOS_01-01-2023_A_31-12-2023.CSV
SE;MG;BELO HORIZONTE - CERCADINHO;F501;-19.97999999;-43.95861111;1199.55;INMET_SE_MG_F501_BELO HORIZONTE - CERCADINHO_01-01-2023_A_31-12-2023.CSV
N;PA;MEDICILANDIA;A209;-3.51083333;-52.96333333;251.68;INMET_N_PA_A209_MEDICILANDIA_01-01-2023_A_31-12-2023.CSV
CO;GO;SILVANIA;A037;-16.67972221;-48.61805554;952.0;INMET_CO_GO_A037_SILVANIA_01-01-2023_A_31-12-2023.CSV
S;RS;TRAMANDAI;A834;-30.01027777;-50.13583333;4.56;INMET_S_RS_A834_TRAMANDAI_01-01-2023_A_31-12-2023.CSV
